0,-21,W1P3X7jyggKflIY3zjXU2X/TFYw=,KeEoZhN4kONGiFeJJRRUGKGSDJs=
0,-20,kdalrQohFrQ+9QLljD/Y4g5opaQ=,lkBjRXkI0I7To1mwIoE7rImvA7A=
0,-19,kdalrQohFrQ+9QLljD/Y4g5opaQ=,3gqax/L0gwM5RaqcGVS9oHS1MB0=
0,-18,kdalrQohFrQ+9QLljD/Y4g5opaQ=,3gqax/L0gwM5RaqcGVS9oHS1MB0=
0,-17,kdalrQohFrQ+9QLljD/Y4g5opaQ=,3gqax/L0gwM5RaqcGVS9oHS1MB0=
0,-16,kdalrQohFrQ+9QLljD/Y4g5opaQ=,3gqax/L0gwM5RaqcGVS9oHS1MB0=
0,-15,kdalrQohFrQ+9QLljD/Y4g5opaQ=,3gqax/L0gwM5RaqcGVS9oHS1MB0=
0,-14,kdalrQohFrQ+9QLljD/Y4g5opaQ=,3gqax/L0gwM5RaqcGVS9oHS1MB0=
0,-13,kdalrQohFrQ+9QLljD/Y4g5opaQ=,3gqax/L0gwM5RaqcGVS9oHS1MB0=
0,-12,kdalrQohFrQ+9QLljD/Y4g5opaQ=,ogw5DTgAK76aWz6zQrr7DUBtFPs=
0,-11,kdalrQohFrQ+9QLljD/Y4g5opaQ=,3gqax/L0gwM5RaqcGVS9oHS1MB0=
0,-10,kdalrQohFrQ+9QLljD/Y4g5opaQ=,3gqax/L0gwM5RaqcGVS9oHS1MB0=
0,-9,kdalrQohFrQ+9QLljD/Y4g5opaQ=,3gqax/L0gwM5RaqcGVS9oHS1MB0=
0,-8,kdalrQohFrQ+9QLljD/Y4g5opaQ=,3gqax/L0gwM5RaqcGVS9oHS1MB0=
0,-7,kdalrQohFrQ+9QLljD/Y4g5opaQ=,3gqax/L0gwM5RaqcGVS9oHS1MB0=
0,-6,kdalrQohFrQ+9QLljD/Y4g5opaQ=,3gqax/L0gwM5RaqcGVS9oHS1MB0=
0,-5,kdalrQohFrQ+9QLljD/Y4g5opaQ=,3gqax/L0gwM5RaqcGVS9oHS1MB0=
2,-5,kdalrQohFrQ+9QLljD/Y4g5opaQ=,ogw5DTgAK76aWz6zQrr7DUBtFPs=
3,-5,kdalrQohFrQ+9QLljD/Y4g5opaQ=,jgJK+OeMkxKBi1mohyc56/vln1k=
0,-4,kdalrQohFrQ+9QLljD/Y4g5opaQ=,3gqax/L0gwM5RaqcGVS9oHS1MB0=
1,-4,kdalrQohFrQ+9QLljD/Y4g5opaQ=,ogw5DTgAK76aWz6zQrr7DUBtFPs=
2,-4,kdalrQohFrQ+9QLljD/Y4g5opaQ=,t1FX6XUh5v7ZeTFqD4MhHrHZDhY=
3,-4,kdalrQohFrQ+9QLljD/Y4g5opaQ=,t1FX6XUh5v7ZeTFqD4MhHrHZDhY=
4,-4,kdalrQohFrQ+9QLljD/Y4g5opaQ=,t1FX6XUh5v7ZeTFqD4MhHrHZDhY=
5,-4,kdalrQohFrQ+9QLljD/Y4g5opaQ=,t1FX6XUh5v7ZeTFqD4MhHrHZDhY=
6,-4,kdalrQohFrQ+9QLljD/Y4g5opaQ=,jgJK+OeMkxKBi1mohyc56/vln1k=
0,-3,kdalrQohFrQ+9QLljD/Y4g5opaQ=,BD0qCQOADdeGPpMxrqN1pnqg+1E=
1,-3,kdalrQohFrQ+9QLljD/Y4g5opaQ=,oLwAJBrqxyhW0aporZWX8i6+RD4=
2,-3,kdalrQohFrQ+9QLljD/Y4g5opaQ=,oLwAJBrqxyhW0aporZWX8i6+RD4=
3,-3,kdalrQohFrQ+9QLljD/Y4g5opaQ=,oLwAJBrqxyhW0aporZWX8i6+RD4=
4,-3,kdalrQohFrQ+9QLljD/Y4g5opaQ=,oLwAJBrqxyhW0aporZWX8i6+RD4=
5,-3,kdalrQohFrQ+9QLljD/Y4g5opaQ=,BD0qCQOADdeGPpMxrqN1pnqg+1E=
0,-2,kdalrQohFrQ+9QLljD/Y4g5opaQ=,4gUeVlyQ8sRcX0a9KdfkafFcLbQ=
1,-2,kdalrQohFrQ+9QLljD/Y4g5opaQ=,4gUeVlyQ8sRcX0a9KdfkafFcLbQ=
2,-2,kdalrQohFrQ+9QLljD/Y4g5opaQ=,4gUeVlyQ8sRcX0a9KdfkafFcLbQ=
3,-2,kdalrQohFrQ+9QLljD/Y4g5opaQ=,4gUeVlyQ8sRcX0a9KdfkafFcLbQ=
4,-2,kdalrQohFrQ+9QLljD/Y4g5opaQ=,le7RBOHsAhuHC/GKE39IomjV8ts=
0,-1,kdalrQohFrQ+9QLljD/Y4g5opaQ=,4gUeVlyQ8sRcX0a9KdfkafFcLbQ=
1,-1,kdalrQohFrQ+9QLljD/Y4g5opaQ=,4gUeVlyQ8sRcX0a9KdfkafFcLbQ=
2,-1,kdalrQohFrQ+9QLljD/Y4g5opaQ=,4gUeVlyQ8sRcX0a9KdfkafFcLbQ=
5,-1,kdalrQohFrQ+9QLljD/Y4g5opaQ=,WJ+ScMuR/rFIJMtbmLxeGu+AI5E=
