0,-245,tQhkjjxYghh2dE+b2NJBF6kef5I=,G+aQ5mcZpQ1FWuiE9j/qk4KUXT4=
6,-242,tQhkjjxYghh2dE+b2NJBF6kef5I=,G+aQ5mcZpQ1FWuiE9j/qk4KUXT4=
1,-245,tQhkjjxYghh2dE+b2NJBF6kef5I=,G+aQ5mcZpQ1FWuiE9j/qk4KUXT4=
7,-242,tQhkjjxYghh2dE+b2NJBF6kef5I=,G+aQ5mcZpQ1FWuiE9j/qk4KUXT4=
2,-245,tQhkjjxYghh2dE+b2NJBF6kef5I=,G+aQ5mcZpQ1FWuiE9j/qk4KUXT4=
6,-244,tQhkjjxYghh2dE+b2NJBF6kef5I=,G+aQ5mcZpQ1FWuiE9j/qk4KUXT4=
7,-244,tQhkjjxYghh2dE+b2NJBF6kef5I=,G+aQ5mcZpQ1FWuiE9j/qk4KUXT4=
0,-241,tQhkjjxYghh2dE+b2NJBF6kef5I=,G+aQ5mcZpQ1FWuiE9j/qk4KUXT4=
5,-244,tQhkjjxYghh2dE+b2NJBF6kef5I=,G+aQ5mcZpQ1FWuiE9j/qk4KUXT4=
4,-244,tQhkjjxYghh2dE+b2NJBF6kef5I=,G+aQ5mcZpQ1FWuiE9j/qk4KUXT4=
0,-243,tQhkjjxYghh2dE+b2NJBF6kef5I=,G+aQ5mcZpQ1FWuiE9j/qk4KUXT4=
1,-243,tQhkjjxYghh2dE+b2NJBF6kef5I=,G+aQ5mcZpQ1FWuiE9j/qk4KUXT4=
2,-243,tQhkjjxYghh2dE+b2NJBF6kef5I=,G+aQ5mcZpQ1FWuiE9j/qk4KUXT4=
3,-243,tQhkjjxYghh2dE+b2NJBF6kef5I=,G+aQ5mcZpQ1FWuiE9j/qk4KUXT4=
3,-245,tQhkjjxYghh2dE+b2NJBF6kef5I=,G+aQ5mcZpQ1FWuiE9j/qk4KUXT4=
4,-245,tQhkjjxYghh2dE+b2NJBF6kef5I=,G+aQ5mcZpQ1FWuiE9j/qk4KUXT4=
5,-245,tQhkjjxYghh2dE+b2NJBF6kef5I=,G+aQ5mcZpQ1FWuiE9j/qk4KUXT4=
7,-241,tQhkjjxYghh2dE+b2NJBF6kef5I=,G+aQ5mcZpQ1FWuiE9j/qk4KUXT4=
1,-241,tQhkjjxYghh2dE+b2NJBF6kef5I=,G+aQ5mcZpQ1FWuiE9j/qk4KUXT4=
2,-241,tQhkjjxYghh2dE+b2NJBF6kef5I=,G+aQ5mcZpQ1FWuiE9j/qk4KUXT4=
3,-241,tQhkjjxYghh2dE+b2NJBF6kef5I=,G+aQ5mcZpQ1FWuiE9j/qk4KUXT4=
4,-243,tQhkjjxYghh2dE+b2NJBF6kef5I=,G+aQ5mcZpQ1FWuiE9j/qk4KUXT4=
5,-243,tQhkjjxYghh2dE+b2NJBF6kef5I=,G+aQ5mcZpQ1FWuiE9j/qk4KUXT4=
6,-243,tQhkjjxYghh2dE+b2NJBF6kef5I=,G+aQ5mcZpQ1FWuiE9j/qk4KUXT4=
7,-243,tQhkjjxYghh2dE+b2NJBF6kef5I=,G+aQ5mcZpQ1FWuiE9j/qk4KUXT4=
6,-245,tQhkjjxYghh2dE+b2NJBF6kef5I=,G+aQ5mcZpQ1FWuiE9j/qk4KUXT4=
6,-241,tQhkjjxYghh2dE+b2NJBF6kef5I=,G+aQ5mcZpQ1FWuiE9j/qk4KUXT4=
5,-242,tQhkjjxYghh2dE+b2NJBF6kef5I=,G+aQ5mcZpQ1FWuiE9j/qk4KUXT4=
5,-241,tQhkjjxYghh2dE+b2NJBF6kef5I=,G+aQ5mcZpQ1FWuiE9j/qk4KUXT4=
3,-244,tQhkjjxYghh2dE+b2NJBF6kef5I=,G+aQ5mcZpQ1FWuiE9j/qk4KUXT4=
4,-242,tQhkjjxYghh2dE+b2NJBF6kef5I=,G+aQ5mcZpQ1FWuiE9j/qk4KUXT4=
2,-244,tQhkjjxYghh2dE+b2NJBF6kef5I=,G+aQ5mcZpQ1FWuiE9j/qk4KUXT4=
4,-241,tQhkjjxYghh2dE+b2NJBF6kef5I=,G+aQ5mcZpQ1FWuiE9j/qk4KUXT4=
3,-242,tQhkjjxYghh2dE+b2NJBF6kef5I=,G+aQ5mcZpQ1FWuiE9j/qk4KUXT4=
0,-244,tQhkjjxYghh2dE+b2NJBF6kef5I=,G+aQ5mcZpQ1FWuiE9j/qk4KUXT4=
2,-242,tQhkjjxYghh2dE+b2NJBF6kef5I=,G+aQ5mcZpQ1FWuiE9j/qk4KUXT4=
1,-244,tQhkjjxYghh2dE+b2NJBF6kef5I=,G+aQ5mcZpQ1FWuiE9j/qk4KUXT4=
0,-242,tQhkjjxYghh2dE+b2NJBF6kef5I=,G+aQ5mcZpQ1FWuiE9j/qk4KUXT4=
7,-245,tQhkjjxYghh2dE+b2NJBF6kef5I=,G+aQ5mcZpQ1FWuiE9j/qk4KUXT4=
1,-242,tQhkjjxYghh2dE+b2NJBF6kef5I=,G+aQ5mcZpQ1FWuiE9j/qk4KUXT4=
5,-246,tQhkjjxYghh2dE+b2NJBF6kef5I=,G+aQ5mcZpQ1FWuiE9j/qk4KUXT4=
6,-246,tQhkjjxYghh2dE+b2NJBF6kef5I=,G+aQ5mcZpQ1FWuiE9j/qk4KUXT4=
6,-250,tQhkjjxYghh2dE+b2NJBF6kef5I=,EX0lv9qoiMTztfD9T75IC4XyvsE=
7,-250,tQhkjjxYghh2dE+b2NJBF6kef5I=,EX0lv9qoiMTztfD9T75IC4XyvsE=
3,-246,tQhkjjxYghh2dE+b2NJBF6kef5I=,G+aQ5mcZpQ1FWuiE9j/qk4KUXT4=
0,-249,tQhkjjxYghh2dE+b2NJBF6kef5I=,EX0lv9qoiMTztfD9T75IC4XyvsE=
1,-253,tQhkjjxYghh2dE+b2NJBF6kef5I=,EX0lv9qoiMTztfD9T75IC4XyvsE=
2,-254,tQhkjjxYghh2dE+b2NJBF6kef5I=,EX0lv9qoiMTztfD9T75IC4XyvsE=
0,-255,tQhkjjxYghh2dE+b2NJBF6kef5I=,EX0lv9qoiMTztfD9T75IC4XyvsE=
0,-254,tQhkjjxYghh2dE+b2NJBF6kef5I=,EX0lv9qoiMTztfD9T75IC4XyvsE=
7,-255,tQhkjjxYghh2dE+b2NJBF6kef5I=,EX0lv9qoiMTztfD9T75IC4XyvsE=
7,-249,tQhkjjxYghh2dE+b2NJBF6kef5I=,EX0lv9qoiMTztfD9T75IC4XyvsE=
1,-254,tQhkjjxYghh2dE+b2NJBF6kef5I=,EX0lv9qoiMTztfD9T75IC4XyvsE=
7,-246,tQhkjjxYghh2dE+b2NJBF6kef5I=,G+aQ5mcZpQ1FWuiE9j/qk4KUXT4=
0,-248,tQhkjjxYghh2dE+b2NJBF6kef5I=,G+aQ5mcZpQ1FWuiE9j/qk4KUXT4=
2,-250,tQhkjjxYghh2dE+b2NJBF6kef5I=,EX0lv9qoiMTztfD9T75IC4XyvsE=
3,-254,tQhkjjxYghh2dE+b2NJBF6kef5I=,EX0lv9qoiMTztfD9T75IC4XyvsE=
0,-252,tQhkjjxYghh2dE+b2NJBF6kef5I=,EX0lv9qoiMTztfD9T75IC4XyvsE=
1,-250,tQhkjjxYghh2dE+b2NJBF6kef5I=,EX0lv9qoiMTztfD9T75IC4XyvsE=
7,-253,tQhkjjxYghh2dE+b2NJBF6kef5I=,EX0lv9qoiMTztfD9T75IC4XyvsE=
0,-253,tQhkjjxYghh2dE+b2NJBF6kef5I=,EX0lv9qoiMTztfD9T75IC4XyvsE=
7,-256,tQhkjjxYghh2dE+b2NJBF6kef5I=,EX0lv9qoiMTztfD9T75IC4XyvsE=
0,-250,tQhkjjxYghh2dE+b2NJBF6kef5I=,EX0lv9qoiMTztfD9T75IC4XyvsE=
7,-251,tQhkjjxYghh2dE+b2NJBF6kef5I=,EX0lv9qoiMTztfD9T75IC4XyvsE=
6,-251,tQhkjjxYghh2dE+b2NJBF6kef5I=,EX0lv9qoiMTztfD9T75IC4XyvsE=
7,-254,tQhkjjxYghh2dE+b2NJBF6kef5I=,EX0lv9qoiMTztfD9T75IC4XyvsE=
0,-246,tQhkjjxYghh2dE+b2NJBF6kef5I=,G+aQ5mcZpQ1FWuiE9j/qk4KUXT4=
4,-246,tQhkjjxYghh2dE+b2NJBF6kef5I=,G+aQ5mcZpQ1FWuiE9j/qk4KUXT4=
6,-249,tQhkjjxYghh2dE+b2NJBF6kef5I=,EX0lv9qoiMTztfD9T75IC4XyvsE=
2,-253,tQhkjjxYghh2dE+b2NJBF6kef5I=,EX0lv9qoiMTztfD9T75IC4XyvsE=
5,-249,tQhkjjxYghh2dE+b2NJBF6kef5I=,EX0lv9qoiMTztfD9T75IC4XyvsE=
6,-247,tQhkjjxYghh2dE+b2NJBF6kef5I=,G+aQ5mcZpQ1FWuiE9j/qk4KUXT4=
5,-250,tQhkjjxYghh2dE+b2NJBF6kef5I=,EX0lv9qoiMTztfD9T75IC4XyvsE=
7,-247,tQhkjjxYghh2dE+b2NJBF6kef5I=,G+aQ5mcZpQ1FWuiE9j/qk4KUXT4=
5,-251,tQhkjjxYghh2dE+b2NJBF6kef5I=,EX0lv9qoiMTztfD9T75IC4XyvsE=
2,-246,tQhkjjxYghh2dE+b2NJBF6kef5I=,G+aQ5mcZpQ1FWuiE9j/qk4KUXT4=
6,-254,tQhkjjxYghh2dE+b2NJBF6kef5I=,EX0lv9qoiMTztfD9T75IC4XyvsE=
6,-253,tQhkjjxYghh2dE+b2NJBF6kef5I=,EX0lv9qoiMTztfD9T75IC4XyvsE=
4,-250,tQhkjjxYghh2dE+b2NJBF6kef5I=,EX0lv9qoiMTztfD9T75IC4XyvsE=
5,-247,tQhkjjxYghh2dE+b2NJBF6kef5I=,G+aQ5mcZpQ1FWuiE9j/qk4KUXT4=
1,-251,tQhkjjxYghh2dE+b2NJBF6kef5I=,EX0lv9qoiMTztfD9T75IC4XyvsE=
0,-251,tQhkjjxYghh2dE+b2NJBF6kef5I=,EX0lv9qoiMTztfD9T75IC4XyvsE=
6,-256,tQhkjjxYghh2dE+b2NJBF6kef5I=,EX0lv9qoiMTztfD9T75IC4XyvsE=
7,-252,tQhkjjxYghh2dE+b2NJBF6kef5I=,EX0lv9qoiMTztfD9T75IC4XyvsE=
4,-254,tQhkjjxYghh2dE+b2NJBF6kef5I=,EX0lv9qoiMTztfD9T75IC4XyvsE=
4,-247,tQhkjjxYghh2dE+b2NJBF6kef5I=,G+aQ5mcZpQ1FWuiE9j/qk4KUXT4=
4,-251,tQhkjjxYghh2dE+b2NJBF6kef5I=,EX0lv9qoiMTztfD9T75IC4XyvsE=
4,-249,tQhkjjxYghh2dE+b2NJBF6kef5I=,EX0lv9qoiMTztfD9T75IC4XyvsE=
0,-247,tQhkjjxYghh2dE+b2NJBF6kef5I=,G+aQ5mcZpQ1FWuiE9j/qk4KUXT4=
6,-252,tQhkjjxYghh2dE+b2NJBF6kef5I=,EX0lv9qoiMTztfD9T75IC4XyvsE=
6,-248,tQhkjjxYghh2dE+b2NJBF6kef5I=,G+aQ5mcZpQ1FWuiE9j/qk4KUXT4=
7,-248,tQhkjjxYghh2dE+b2NJBF6kef5I=,G+aQ5mcZpQ1FWuiE9j/qk4KUXT4=
5,-248,tQhkjjxYghh2dE+b2NJBF6kef5I=,G+aQ5mcZpQ1FWuiE9j/qk4KUXT4=
3,-256,tQhkjjxYghh2dE+b2NJBF6kef5I=,EX0lv9qoiMTztfD9T75IC4XyvsE=
4,-248,tQhkjjxYghh2dE+b2NJBF6kef5I=,G+aQ5mcZpQ1FWuiE9j/qk4KUXT4=
2,-251,tQhkjjxYghh2dE+b2NJBF6kef5I=,EX0lv9qoiMTztfD9T75IC4XyvsE=
1,-248,tQhkjjxYghh2dE+b2NJBF6kef5I=,G+aQ5mcZpQ1FWuiE9j/qk4KUXT4=
3,-251,tQhkjjxYghh2dE+b2NJBF6kef5I=,EX0lv9qoiMTztfD9T75IC4XyvsE=
1,-247,tQhkjjxYghh2dE+b2NJBF6kef5I=,G+aQ5mcZpQ1FWuiE9j/qk4KUXT4=
5,-252,tQhkjjxYghh2dE+b2NJBF6kef5I=,EX0lv9qoiMTztfD9T75IC4XyvsE=
1,-249,tQhkjjxYghh2dE+b2NJBF6kef5I=,EX0lv9qoiMTztfD9T75IC4XyvsE=
6,-255,tQhkjjxYghh2dE+b2NJBF6kef5I=,EX0lv9qoiMTztfD9T75IC4XyvsE=
3,-250,tQhkjjxYghh2dE+b2NJBF6kef5I=,EX0lv9qoiMTztfD9T75IC4XyvsE=
1,-252,tQhkjjxYghh2dE+b2NJBF6kef5I=,EX0lv9qoiMTztfD9T75IC4XyvsE=
2,-256,tQhkjjxYghh2dE+b2NJBF6kef5I=,EX0lv9qoiMTztfD9T75IC4XyvsE=
1,-256,tQhkjjxYghh2dE+b2NJBF6kef5I=,EX0lv9qoiMTztfD9T75IC4XyvsE=
3,-255,tQhkjjxYghh2dE+b2NJBF6kef5I=,EX0lv9qoiMTztfD9T75IC4XyvsE=
4,-255,tQhkjjxYghh2dE+b2NJBF6kef5I=,EX0lv9qoiMTztfD9T75IC4XyvsE=
0,-256,tQhkjjxYghh2dE+b2NJBF6kef5I=,EX0lv9qoiMTztfD9T75IC4XyvsE=
2,-255,tQhkjjxYghh2dE+b2NJBF6kef5I=,EX0lv9qoiMTztfD9T75IC4XyvsE=
2,-252,tQhkjjxYghh2dE+b2NJBF6kef5I=,EX0lv9qoiMTztfD9T75IC4XyvsE=
2,-249,tQhkjjxYghh2dE+b2NJBF6kef5I=,EX0lv9qoiMTztfD9T75IC4XyvsE=
1,-255,tQhkjjxYghh2dE+b2NJBF6kef5I=,EX0lv9qoiMTztfD9T75IC4XyvsE=
2,-247,tQhkjjxYghh2dE+b2NJBF6kef5I=,G+aQ5mcZpQ1FWuiE9j/qk4KUXT4=
2,-248,tQhkjjxYghh2dE+b2NJBF6kef5I=,G+aQ5mcZpQ1FWuiE9j/qk4KUXT4=
3,-253,tQhkjjxYghh2dE+b2NJBF6kef5I=,EX0lv9qoiMTztfD9T75IC4XyvsE=
5,-253,tQhkjjxYghh2dE+b2NJBF6kef5I=,EX0lv9qoiMTztfD9T75IC4XyvsE=
3,-247,tQhkjjxYghh2dE+b2NJBF6kef5I=,G+aQ5mcZpQ1FWuiE9j/qk4KUXT4=
3,-249,tQhkjjxYghh2dE+b2NJBF6kef5I=,EX0lv9qoiMTztfD9T75IC4XyvsE=
4,-256,tQhkjjxYghh2dE+b2NJBF6kef5I=,EX0lv9qoiMTztfD9T75IC4XyvsE=
4,-252,tQhkjjxYghh2dE+b2NJBF6kef5I=,EX0lv9qoiMTztfD9T75IC4XyvsE=
3,-248,tQhkjjxYghh2dE+b2NJBF6kef5I=,G+aQ5mcZpQ1FWuiE9j/qk4KUXT4=
1,-246,tQhkjjxYghh2dE+b2NJBF6kef5I=,G+aQ5mcZpQ1FWuiE9j/qk4KUXT4=
5,-256,tQhkjjxYghh2dE+b2NJBF6kef5I=,EX0lv9qoiMTztfD9T75IC4XyvsE=
3,-252,tQhkjjxYghh2dE+b2NJBF6kef5I=,EX0lv9qoiMTztfD9T75IC4XyvsE=
5,-255,tQhkjjxYghh2dE+b2NJBF6kef5I=,EX0lv9qoiMTztfD9T75IC4XyvsE=
5,-254,tQhkjjxYghh2dE+b2NJBF6kef5I=,EX0lv9qoiMTztfD9T75IC4XyvsE=
4,-253,tQhkjjxYghh2dE+b2NJBF6kef5I=,EX0lv9qoiMTztfD9T75IC4XyvsE=
4,-227,tQhkjjxYghh2dE+b2NJBF6kef5I=,FeHchpaSrw7Oti3QaOfvngi5JPw=
6,-228,tQhkjjxYghh2dE+b2NJBF6kef5I=,FeHchpaSrw7Oti3QaOfvngi5JPw=
3,-227,tQhkjjxYghh2dE+b2NJBF6kef5I=,FeHchpaSrw7Oti3QaOfvngi5JPw=
5,-227,tQhkjjxYghh2dE+b2NJBF6kef5I=,FeHchpaSrw7Oti3QaOfvngi5JPw=
7,-228,tQhkjjxYghh2dE+b2NJBF6kef5I=,FeHchpaSrw7Oti3QaOfvngi5JPw=
0,-228,tQhkjjxYghh2dE+b2NJBF6kef5I=,FeHchpaSrw7Oti3QaOfvngi5JPw=
5,-228,tQhkjjxYghh2dE+b2NJBF6kef5I=,FeHchpaSrw7Oti3QaOfvngi5JPw=
1,-228,tQhkjjxYghh2dE+b2NJBF6kef5I=,FeHchpaSrw7Oti3QaOfvngi5JPw=
4,-225,tQhkjjxYghh2dE+b2NJBF6kef5I=,FeHchpaSrw7Oti3QaOfvngi5JPw=
5,-225,tQhkjjxYghh2dE+b2NJBF6kef5I=,FeHchpaSrw7Oti3QaOfvngi5JPw=
6,-227,tQhkjjxYghh2dE+b2NJBF6kef5I=,FeHchpaSrw7Oti3QaOfvngi5JPw=
0,-227,tQhkjjxYghh2dE+b2NJBF6kef5I=,FeHchpaSrw7Oti3QaOfvngi5JPw=
7,-227,tQhkjjxYghh2dE+b2NJBF6kef5I=,FeHchpaSrw7Oti3QaOfvngi5JPw=
0,-226,tQhkjjxYghh2dE+b2NJBF6kef5I=,FeHchpaSrw7Oti3QaOfvngi5JPw=
1,-226,tQhkjjxYghh2dE+b2NJBF6kef5I=,FeHchpaSrw7Oti3QaOfvngi5JPw=
2,-226,tQhkjjxYghh2dE+b2NJBF6kef5I=,FeHchpaSrw7Oti3QaOfvngi5JPw=
3,-226,tQhkjjxYghh2dE+b2NJBF6kef5I=,FeHchpaSrw7Oti3QaOfvngi5JPw=
4,-226,tQhkjjxYghh2dE+b2NJBF6kef5I=,FeHchpaSrw7Oti3QaOfvngi5JPw=
7,-229,tQhkjjxYghh2dE+b2NJBF6kef5I=,FeHchpaSrw7Oti3QaOfvngi5JPw=
6,-229,tQhkjjxYghh2dE+b2NJBF6kef5I=,FeHchpaSrw7Oti3QaOfvngi5JPw=
3,-225,tQhkjjxYghh2dE+b2NJBF6kef5I=,FeHchpaSrw7Oti3QaOfvngi5JPw=
1,-227,tQhkjjxYghh2dE+b2NJBF6kef5I=,FeHchpaSrw7Oti3QaOfvngi5JPw=
7,-225,tQhkjjxYghh2dE+b2NJBF6kef5I=,FeHchpaSrw7Oti3QaOfvngi5JPw=
5,-229,tQhkjjxYghh2dE+b2NJBF6kef5I=,FeHchpaSrw7Oti3QaOfvngi5JPw=
4,-228,tQhkjjxYghh2dE+b2NJBF6kef5I=,FeHchpaSrw7Oti3QaOfvngi5JPw=
2,-227,tQhkjjxYghh2dE+b2NJBF6kef5I=,FeHchpaSrw7Oti3QaOfvngi5JPw=
5,-226,tQhkjjxYghh2dE+b2NJBF6kef5I=,FeHchpaSrw7Oti3QaOfvngi5JPw=
6,-226,tQhkjjxYghh2dE+b2NJBF6kef5I=,FeHchpaSrw7Oti3QaOfvngi5JPw=
7,-226,tQhkjjxYghh2dE+b2NJBF6kef5I=,FeHchpaSrw7Oti3QaOfvngi5JPw=
6,-225,tQhkjjxYghh2dE+b2NJBF6kef5I=,FeHchpaSrw7Oti3QaOfvngi5JPw=
0,-229,tQhkjjxYghh2dE+b2NJBF6kef5I=,FeHchpaSrw7Oti3QaOfvngi5JPw=
1,-229,tQhkjjxYghh2dE+b2NJBF6kef5I=,FeHchpaSrw7Oti3QaOfvngi5JPw=
4,-229,tQhkjjxYghh2dE+b2NJBF6kef5I=,FeHchpaSrw7Oti3QaOfvngi5JPw=
3,-229,tQhkjjxYghh2dE+b2NJBF6kef5I=,FeHchpaSrw7Oti3QaOfvngi5JPw=
2,-225,tQhkjjxYghh2dE+b2NJBF6kef5I=,FeHchpaSrw7Oti3QaOfvngi5JPw=
1,-225,tQhkjjxYghh2dE+b2NJBF6kef5I=,FeHchpaSrw7Oti3QaOfvngi5JPw=
0,-225,tQhkjjxYghh2dE+b2NJBF6kef5I=,FeHchpaSrw7Oti3QaOfvngi5JPw=
2,-228,tQhkjjxYghh2dE+b2NJBF6kef5I=,FeHchpaSrw7Oti3QaOfvngi5JPw=
3,-228,tQhkjjxYghh2dE+b2NJBF6kef5I=,FeHchpaSrw7Oti3QaOfvngi5JPw=
2,-229,tQhkjjxYghh2dE+b2NJBF6kef5I=,FeHchpaSrw7Oti3QaOfvngi5JPw=
1,-237,C9ApftntSV5rco+9wyR1/lVp6Dg=,ur6xxohrCE8f1lanTq6/8NN8kng=
7,-232,C9ApftntSV5rco+9wyR1/lVp6Dg=,FeHchpaSrw7Oti3QaOfvngi5JPw=
6,-232,C9ApftntSV5rco+9wyR1/lVp6Dg=,FeHchpaSrw7Oti3QaOfvngi5JPw=
1,-236,C9ApftntSV5rco+9wyR1/lVp6Dg=,ur6xxohrCE8f1lanTq6/8NN8kng=
5,-232,C9ApftntSV5rco+9wyR1/lVp6Dg=,FeHchpaSrw7Oti3QaOfvngi5JPw=
0,-237,C9ApftntSV5rco+9wyR1/lVp6Dg=,ur6xxohrCE8f1lanTq6/8NN8kng=
7,-238,C9ApftntSV5rco+9wyR1/lVp6Dg=,ur6xxohrCE8f1lanTq6/8NN8kng=
0,-238,C9ApftntSV5rco+9wyR1/lVp6Dg=,ur6xxohrCE8f1lanTq6/8NN8kng=
7,-239,C9ApftntSV5rco+9wyR1/lVp6Dg=,ur6xxohrCE8f1lanTq6/8NN8kng=
7,-230,C9ApftntSV5rco+9wyR1/lVp6Dg=,FeHchpaSrw7Oti3QaOfvngi5JPw=
1,-235,C9ApftntSV5rco+9wyR1/lVp6Dg=,ur6xxohrCE8f1lanTq6/8NN8kng=
0,-232,C9ApftntSV5rco+9wyR1/lVp6Dg=,FeHchpaSrw7Oti3QaOfvngi5JPw=
6,-230,C9ApftntSV5rco+9wyR1/lVp6Dg=,FeHchpaSrw7Oti3QaOfvngi5JPw=
5,-230,C9ApftntSV5rco+9wyR1/lVp6Dg=,FeHchpaSrw7Oti3QaOfvngi5JPw=
7,-233,C9ApftntSV5rco+9wyR1/lVp6Dg=,ur6xxohrCE8f1lanTq6/8NN8kng=
7,-236,C9ApftntSV5rco+9wyR1/lVp6Dg=,ur6xxohrCE8f1lanTq6/8NN8kng=
0,-235,C9ApftntSV5rco+9wyR1/lVp6Dg=,ur6xxohrCE8f1lanTq6/8NN8kng=
4,-230,C9ApftntSV5rco+9wyR1/lVp6Dg=,FeHchpaSrw7Oti3QaOfvngi5JPw=
4,-232,C9ApftntSV5rco+9wyR1/lVp6Dg=,FeHchpaSrw7Oti3QaOfvngi5JPw=
6,-233,C9ApftntSV5rco+9wyR1/lVp6Dg=,ur6xxohrCE8f1lanTq6/8NN8kng=
7,-240,C9ApftntSV5rco+9wyR1/lVp6Dg=,ur6xxohrCE8f1lanTq6/8NN8kng=
6,-240,C9ApftntSV5rco+9wyR1/lVp6Dg=,ur6xxohrCE8f1lanTq6/8NN8kng=
7,-235,C9ApftntSV5rco+9wyR1/lVp6Dg=,ur6xxohrCE8f1lanTq6/8NN8kng=
1,-232,C9ApftntSV5rco+9wyR1/lVp6Dg=,FeHchpaSrw7Oti3QaOfvngi5JPw=
6,-235,C9ApftntSV5rco+9wyR1/lVp6Dg=,ur6xxohrCE8f1lanTq6/8NN8kng=
2,-236,C9ApftntSV5rco+9wyR1/lVp6Dg=,ur6xxohrCE8f1lanTq6/8NN8kng=
6,-239,C9ApftntSV5rco+9wyR1/lVp6Dg=,ur6xxohrCE8f1lanTq6/8NN8kng=
5,-233,C9ApftntSV5rco+9wyR1/lVp6Dg=,ur6xxohrCE8f1lanTq6/8NN8kng=
4,-233,C9ApftntSV5rco+9wyR1/lVp6Dg=,ur6xxohrCE8f1lanTq6/8NN8kng=
2,-237,C9ApftntSV5rco+9wyR1/lVp6Dg=,ur6xxohrCE8f1lanTq6/8NN8kng=
3,-230,C9ApftntSV5rco+9wyR1/lVp6Dg=,FeHchpaSrw7Oti3QaOfvngi5JPw=
0,-230,C9ApftntSV5rco+9wyR1/lVp6Dg=,FeHchpaSrw7Oti3QaOfvngi5JPw=
1,-230,C9ApftntSV5rco+9wyR1/lVp6Dg=,FeHchpaSrw7Oti3QaOfvngi5JPw=
3,-239,C9ApftntSV5rco+9wyR1/lVp6Dg=,ur6xxohrCE8f1lanTq6/8NN8kng=
6,-236,C9ApftntSV5rco+9wyR1/lVp6Dg=,ur6xxohrCE8f1lanTq6/8NN8kng=
0,-239,C9ApftntSV5rco+9wyR1/lVp6Dg=,ur6xxohrCE8f1lanTq6/8NN8kng=
1,-233,C9ApftntSV5rco+9wyR1/lVp6Dg=,ur6xxohrCE8f1lanTq6/8NN8kng=
0,-233,C9ApftntSV5rco+9wyR1/lVp6Dg=,ur6xxohrCE8f1lanTq6/8NN8kng=
7,-231,C9ApftntSV5rco+9wyR1/lVp6Dg=,FeHchpaSrw7Oti3QaOfvngi5JPw=
6,-231,C9ApftntSV5rco+9wyR1/lVp6Dg=,FeHchpaSrw7Oti3QaOfvngi5JPw=
5,-231,C9ApftntSV5rco+9wyR1/lVp6Dg=,FeHchpaSrw7Oti3QaOfvngi5JPw=
4,-231,C9ApftntSV5rco+9wyR1/lVp6Dg=,FeHchpaSrw7Oti3QaOfvngi5JPw=
1,-238,C9ApftntSV5rco+9wyR1/lVp6Dg=,ur6xxohrCE8f1lanTq6/8NN8kng=
5,-235,C9ApftntSV5rco+9wyR1/lVp6Dg=,ur6xxohrCE8f1lanTq6/8NN8kng=
5,-236,C9ApftntSV5rco+9wyR1/lVp6Dg=,ur6xxohrCE8f1lanTq6/8NN8kng=
5,-240,C9ApftntSV5rco+9wyR1/lVp6Dg=,ur6xxohrCE8f1lanTq6/8NN8kng=
4,-240,C9ApftntSV5rco+9wyR1/lVp6Dg=,ur6xxohrCE8f1lanTq6/8NN8kng=
6,-234,C9ApftntSV5rco+9wyR1/lVp6Dg=,ur6xxohrCE8f1lanTq6/8NN8kng=
7,-234,C9ApftntSV5rco+9wyR1/lVp6Dg=,ur6xxohrCE8f1lanTq6/8NN8kng=
3,-240,C9ApftntSV5rco+9wyR1/lVp6Dg=,ur6xxohrCE8f1lanTq6/8NN8kng=
3,-232,C9ApftntSV5rco+9wyR1/lVp6Dg=,FeHchpaSrw7Oti3QaOfvngi5JPw=
2,-232,C9ApftntSV5rco+9wyR1/lVp6Dg=,FeHchpaSrw7Oti3QaOfvngi5JPw=
4,-239,C9ApftntSV5rco+9wyR1/lVp6Dg=,ur6xxohrCE8f1lanTq6/8NN8kng=
7,-237,C9ApftntSV5rco+9wyR1/lVp6Dg=,ur6xxohrCE8f1lanTq6/8NN8kng=
0,-236,C9ApftntSV5rco+9wyR1/lVp6Dg=,ur6xxohrCE8f1lanTq6/8NN8kng=
4,-236,C9ApftntSV5rco+9wyR1/lVp6Dg=,ur6xxohrCE8f1lanTq6/8NN8kng=
5,-234,C9ApftntSV5rco+9wyR1/lVp6Dg=,ur6xxohrCE8f1lanTq6/8NN8kng=
5,-239,C9ApftntSV5rco+9wyR1/lVp6Dg=,ur6xxohrCE8f1lanTq6/8NN8kng=
3,-238,C9ApftntSV5rco+9wyR1/lVp6Dg=,ur6xxohrCE8f1lanTq6/8NN8kng=
3,-233,C9ApftntSV5rco+9wyR1/lVp6Dg=,ur6xxohrCE8f1lanTq6/8NN8kng=
3,-231,C9ApftntSV5rco+9wyR1/lVp6Dg=,FeHchpaSrw7Oti3QaOfvngi5JPw=
4,-235,C9ApftntSV5rco+9wyR1/lVp6Dg=,ur6xxohrCE8f1lanTq6/8NN8kng=
3,-237,C9ApftntSV5rco+9wyR1/lVp6Dg=,ur6xxohrCE8f1lanTq6/8NN8kng=
2,-233,C9ApftntSV5rco+9wyR1/lVp6Dg=,ur6xxohrCE8f1lanTq6/8NN8kng=
1,-231,C9ApftntSV5rco+9wyR1/lVp6Dg=,FeHchpaSrw7Oti3QaOfvngi5JPw=
0,-234,C9ApftntSV5rco+9wyR1/lVp6Dg=,ur6xxohrCE8f1lanTq6/8NN8kng=
0,-231,C9ApftntSV5rco+9wyR1/lVp6Dg=,FeHchpaSrw7Oti3QaOfvngi5JPw=
1,-234,C9ApftntSV5rco+9wyR1/lVp6Dg=,ur6xxohrCE8f1lanTq6/8NN8kng=
6,-238,C9ApftntSV5rco+9wyR1/lVp6Dg=,ur6xxohrCE8f1lanTq6/8NN8kng=
2,-230,C9ApftntSV5rco+9wyR1/lVp6Dg=,FeHchpaSrw7Oti3QaOfvngi5JPw=
2,-235,C9ApftntSV5rco+9wyR1/lVp6Dg=,ur6xxohrCE8f1lanTq6/8NN8kng=
6,-237,C9ApftntSV5rco+9wyR1/lVp6Dg=,ur6xxohrCE8f1lanTq6/8NN8kng=
0,-240,C9ApftntSV5rco+9wyR1/lVp6Dg=,ur6xxohrCE8f1lanTq6/8NN8kng=
4,-234,C9ApftntSV5rco+9wyR1/lVp6Dg=,ur6xxohrCE8f1lanTq6/8NN8kng=
2,-231,C9ApftntSV5rco+9wyR1/lVp6Dg=,FeHchpaSrw7Oti3QaOfvngi5JPw=
2,-240,C9ApftntSV5rco+9wyR1/lVp6Dg=,ur6xxohrCE8f1lanTq6/8NN8kng=
2,-239,C9ApftntSV5rco+9wyR1/lVp6Dg=,ur6xxohrCE8f1lanTq6/8NN8kng=
4,-238,C9ApftntSV5rco+9wyR1/lVp6Dg=,ur6xxohrCE8f1lanTq6/8NN8kng=
5,-237,C9ApftntSV5rco+9wyR1/lVp6Dg=,ur6xxohrCE8f1lanTq6/8NN8kng=
2,-234,C9ApftntSV5rco+9wyR1/lVp6Dg=,ur6xxohrCE8f1lanTq6/8NN8kng=
5,-238,C9ApftntSV5rco+9wyR1/lVp6Dg=,ur6xxohrCE8f1lanTq6/8NN8kng=
1,-240,C9ApftntSV5rco+9wyR1/lVp6Dg=,ur6xxohrCE8f1lanTq6/8NN8kng=
4,-237,C9ApftntSV5rco+9wyR1/lVp6Dg=,ur6xxohrCE8f1lanTq6/8NN8kng=
1,-239,C9ApftntSV5rco+9wyR1/lVp6Dg=,ur6xxohrCE8f1lanTq6/8NN8kng=
2,-238,C9ApftntSV5rco+9wyR1/lVp6Dg=,ur6xxohrCE8f1lanTq6/8NN8kng=
3,-236,C9ApftntSV5rco+9wyR1/lVp6Dg=,ur6xxohrCE8f1lanTq6/8NN8kng=
3,-234,C9ApftntSV5rco+9wyR1/lVp6Dg=,ur6xxohrCE8f1lanTq6/8NN8kng=
3,-235,C9ApftntSV5rco+9wyR1/lVp6Dg=,ur6xxohrCE8f1lanTq6/8NN8kng=
