-44,-16,7IYqSe7v3j1HMg+LXpcQim1gx7w=,Y+P0wm5zLFCgXXeSeB/4lARr+TY=
-44,-13,7IYqSe7v3j1HMg+LXpcQim1gx7w=,Y+P0wm5zLFCgXXeSeB/4lARr+TY=
-45,-13,7IYqSe7v3j1HMg+LXpcQim1gx7w=,Y+P0wm5zLFCgXXeSeB/4lARr+TY=
-44,-14,7IYqSe7v3j1HMg+LXpcQim1gx7w=,Y+P0wm5zLFCgXXeSeB/4lARr+TY=
-45,-15,7IYqSe7v3j1HMg+LXpcQim1gx7w=,Y+P0wm5zLFCgXXeSeB/4lARr+TY=
-45,-12,7IYqSe7v3j1HMg+LXpcQim1gx7w=,Y+P0wm5zLFCgXXeSeB/4lARr+TY=
-45,-14,7IYqSe7v3j1HMg+LXpcQim1gx7w=,Y+P0wm5zLFCgXXeSeB/4lARr+TY=
-45,-16,7IYqSe7v3j1HMg+LXpcQim1gx7w=,Y+P0wm5zLFCgXXeSeB/4lARr+TY=
-44,-12,7IYqSe7v3j1HMg+LXpcQim1gx7w=,Y+P0wm5zLFCgXXeSeB/4lARr+TY=
-44,-15,7IYqSe7v3j1HMg+LXpcQim1gx7w=,Y+P0wm5zLFCgXXeSeB/4lARr+TY=
-44,-5,7IYqSe7v3j1HMg+LXpcQim1gx7w=,5I2WGoCWgBMHRwW6zJK7Tr9R/qU=
-45,-5,7IYqSe7v3j1HMg+LXpcQim1gx7w=,5I2WGoCWgBMHRwW6zJK7Tr9R/qU=
-44,-6,7IYqSe7v3j1HMg+LXpcQim1gx7w=,5I2WGoCWgBMHRwW6zJK7Tr9R/qU=
-45,-6,7IYqSe7v3j1HMg+LXpcQim1gx7w=,5I2WGoCWgBMHRwW6zJK7Tr9R/qU=
-45,-4,7IYqSe7v3j1HMg+LXpcQim1gx7w=,5I2WGoCWgBMHRwW6zJK7Tr9R/qU=
-44,-7,7IYqSe7v3j1HMg+LXpcQim1gx7w=,5I2WGoCWgBMHRwW6zJK7Tr9R/qU=
-44,-8,7IYqSe7v3j1HMg+LXpcQim1gx7w=,5I2WGoCWgBMHRwW6zJK7Tr9R/qU=
-45,-8,7IYqSe7v3j1HMg+LXpcQim1gx7w=,5I2WGoCWgBMHRwW6zJK7Tr9R/qU=
-45,-10,7IYqSe7v3j1HMg+LXpcQim1gx7w=,Y+P0wm5zLFCgXXeSeB/4lARr+TY=
-44,-9,7IYqSe7v3j1HMg+LXpcQim1gx7w=,Y+P0wm5zLFCgXXeSeB/4lARr+TY=
-45,-9,7IYqSe7v3j1HMg+LXpcQim1gx7w=,Y+P0wm5zLFCgXXeSeB/4lARr+TY=
-44,-11,7IYqSe7v3j1HMg+LXpcQim1gx7w=,Y+P0wm5zLFCgXXeSeB/4lARr+TY=
-45,-11,7IYqSe7v3j1HMg+LXpcQim1gx7w=,Y+P0wm5zLFCgXXeSeB/4lARr+TY=
-44,-10,7IYqSe7v3j1HMg+LXpcQim1gx7w=,Y+P0wm5zLFCgXXeSeB/4lARr+TY=
-45,-7,7IYqSe7v3j1HMg+LXpcQim1gx7w=,5I2WGoCWgBMHRwW6zJK7Tr9R/qU=
-44,-4,7IYqSe7v3j1HMg+LXpcQim1gx7w=,5I2WGoCWgBMHRwW6zJK7Tr9R/qU=
-37,-12,UEZqxa8QcPsSvJGzEfjzhKXim1E=,BfavxmmpVBL/tFCrOdY8TKJZaJE=
-36,-12,UEZqxa8QcPsSvJGzEfjzhKXim1E=,BfavxmmpVBL/tFCrOdY8TKJZaJE=
-43,-13,UEZqxa8QcPsSvJGzEfjzhKXim1E=,Y+P0wm5zLFCgXXeSeB/4lARr+TY=
-38,-12,UEZqxa8QcPsSvJGzEfjzhKXim1E=,BfavxmmpVBL/tFCrOdY8TKJZaJE=
-39,-12,UEZqxa8QcPsSvJGzEfjzhKXim1E=,BfavxmmpVBL/tFCrOdY8TKJZaJE=
-40,-12,UEZqxa8QcPsSvJGzEfjzhKXim1E=,BfavxmmpVBL/tFCrOdY8TKJZaJE=
-42,-13,UEZqxa8QcPsSvJGzEfjzhKXim1E=,Y+P0wm5zLFCgXXeSeB/4lARr+TY=
-36,-13,UEZqxa8QcPsSvJGzEfjzhKXim1E=,BfavxmmpVBL/tFCrOdY8TKJZaJE=
-37,-13,UEZqxa8QcPsSvJGzEfjzhKXim1E=,BfavxmmpVBL/tFCrOdY8TKJZaJE=
-38,-13,UEZqxa8QcPsSvJGzEfjzhKXim1E=,BfavxmmpVBL/tFCrOdY8TKJZaJE=
-39,-13,UEZqxa8QcPsSvJGzEfjzhKXim1E=,BfavxmmpVBL/tFCrOdY8TKJZaJE=
-41,-13,UEZqxa8QcPsSvJGzEfjzhKXim1E=,Y+P0wm5zLFCgXXeSeB/4lARr+TY=
-42,-12,UEZqxa8QcPsSvJGzEfjzhKXim1E=,Y+P0wm5zLFCgXXeSeB/4lARr+TY=
-41,-12,UEZqxa8QcPsSvJGzEfjzhKXim1E=,Y+P0wm5zLFCgXXeSeB/4lARr+TY=
-43,-12,UEZqxa8QcPsSvJGzEfjzhKXim1E=,Y+P0wm5zLFCgXXeSeB/4lARr+TY=
-40,-13,UEZqxa8QcPsSvJGzEfjzhKXim1E=,BfavxmmpVBL/tFCrOdY8TKJZaJE=
-37,-15,UEZqxa8QcPsSvJGzEfjzhKXim1E=,BfavxmmpVBL/tFCrOdY8TKJZaJE=
-38,-14,UEZqxa8QcPsSvJGzEfjzhKXim1E=,BfavxmmpVBL/tFCrOdY8TKJZaJE=
-39,-14,UEZqxa8QcPsSvJGzEfjzhKXim1E=,BfavxmmpVBL/tFCrOdY8TKJZaJE=
-39,-16,UEZqxa8QcPsSvJGzEfjzhKXim1E=,BfavxmmpVBL/tFCrOdY8TKJZaJE=
-40,-16,UEZqxa8QcPsSvJGzEfjzhKXim1E=,BfavxmmpVBL/tFCrOdY8TKJZaJE=
-41,-16,UEZqxa8QcPsSvJGzEfjzhKXim1E=,Y+P0wm5zLFCgXXeSeB/4lARr+TY=
-42,-16,UEZqxa8QcPsSvJGzEfjzhKXim1E=,Y+P0wm5zLFCgXXeSeB/4lARr+TY=
-43,-16,UEZqxa8QcPsSvJGzEfjzhKXim1E=,Y+P0wm5zLFCgXXeSeB/4lARr+TY=
-38,-15,UEZqxa8QcPsSvJGzEfjzhKXim1E=,BfavxmmpVBL/tFCrOdY8TKJZaJE=
-36,-15,UEZqxa8QcPsSvJGzEfjzhKXim1E=,BfavxmmpVBL/tFCrOdY8TKJZaJE=
-39,-15,UEZqxa8QcPsSvJGzEfjzhKXim1E=,BfavxmmpVBL/tFCrOdY8TKJZaJE=
-40,-15,UEZqxa8QcPsSvJGzEfjzhKXim1E=,BfavxmmpVBL/tFCrOdY8TKJZaJE=
-43,-14,UEZqxa8QcPsSvJGzEfjzhKXim1E=,Y+P0wm5zLFCgXXeSeB/4lARr+TY=
-41,-15,UEZqxa8QcPsSvJGzEfjzhKXim1E=,Y+P0wm5zLFCgXXeSeB/4lARr+TY=
-43,-15,UEZqxa8QcPsSvJGzEfjzhKXim1E=,Y+P0wm5zLFCgXXeSeB/4lARr+TY=
-40,-14,UEZqxa8QcPsSvJGzEfjzhKXim1E=,BfavxmmpVBL/tFCrOdY8TKJZaJE=
-42,-14,UEZqxa8QcPsSvJGzEfjzhKXim1E=,Y+P0wm5zLFCgXXeSeB/4lARr+TY=
-37,-16,UEZqxa8QcPsSvJGzEfjzhKXim1E=,BfavxmmpVBL/tFCrOdY8TKJZaJE=
-36,-16,UEZqxa8QcPsSvJGzEfjzhKXim1E=,BfavxmmpVBL/tFCrOdY8TKJZaJE=
-36,-14,UEZqxa8QcPsSvJGzEfjzhKXim1E=,BfavxmmpVBL/tFCrOdY8TKJZaJE=
-38,-16,UEZqxa8QcPsSvJGzEfjzhKXim1E=,BfavxmmpVBL/tFCrOdY8TKJZaJE=
-41,-14,UEZqxa8QcPsSvJGzEfjzhKXim1E=,Y+P0wm5zLFCgXXeSeB/4lARr+TY=
-37,-14,UEZqxa8QcPsSvJGzEfjzhKXim1E=,BfavxmmpVBL/tFCrOdY8TKJZaJE=
-42,-15,UEZqxa8QcPsSvJGzEfjzhKXim1E=,Y+P0wm5zLFCgXXeSeB/4lARr+TY=
-38,-10,UEZqxa8QcPsSvJGzEfjzhKXim1E=,BfavxmmpVBL/tFCrOdY8TKJZaJE=
-41,-6,UEZqxa8QcPsSvJGzEfjzhKXim1E=,5I2WGoCWgBMHRwW6zJK7Tr9R/qU=
-37,-11,UEZqxa8QcPsSvJGzEfjzhKXim1E=,BfavxmmpVBL/tFCrOdY8TKJZaJE=
-38,-11,UEZqxa8QcPsSvJGzEfjzhKXim1E=,BfavxmmpVBL/tFCrOdY8TKJZaJE=
-43,-6,UEZqxa8QcPsSvJGzEfjzhKXim1E=,5I2WGoCWgBMHRwW6zJK7Tr9R/qU=
-39,-10,UEZqxa8QcPsSvJGzEfjzhKXim1E=,BfavxmmpVBL/tFCrOdY8TKJZaJE=
-42,-6,UEZqxa8QcPsSvJGzEfjzhKXim1E=,5I2WGoCWgBMHRwW6zJK7Tr9R/qU=
-41,-7,UEZqxa8QcPsSvJGzEfjzhKXim1E=,5I2WGoCWgBMHRwW6zJK7Tr9R/qU=
-40,-10,UEZqxa8QcPsSvJGzEfjzhKXim1E=,BfavxmmpVBL/tFCrOdY8TKJZaJE=
-39,-11,UEZqxa8QcPsSvJGzEfjzhKXim1E=,BfavxmmpVBL/tFCrOdY8TKJZaJE=
-40,-11,UEZqxa8QcPsSvJGzEfjzhKXim1E=,BfavxmmpVBL/tFCrOdY8TKJZaJE=
-43,-7,UEZqxa8QcPsSvJGzEfjzhKXim1E=,5I2WGoCWgBMHRwW6zJK7Tr9R/qU=
-41,-8,UEZqxa8QcPsSvJGzEfjzhKXim1E=,5I2WGoCWgBMHRwW6zJK7Tr9R/qU=
-40,-7,UEZqxa8QcPsSvJGzEfjzhKXim1E=,Go0+Kqds+PDPlIvPBJXZv1F/SpY=
-41,-9,UEZqxa8QcPsSvJGzEfjzhKXim1E=,Y+P0wm5zLFCgXXeSeB/4lARr+TY=
-42,-8,UEZqxa8QcPsSvJGzEfjzhKXim1E=,5I2WGoCWgBMHRwW6zJK7Tr9R/qU=
-43,-8,UEZqxa8QcPsSvJGzEfjzhKXim1E=,5I2WGoCWgBMHRwW6zJK7Tr9R/qU=
-36,-11,UEZqxa8QcPsSvJGzEfjzhKXim1E=,BfavxmmpVBL/tFCrOdY8TKJZaJE=
-42,-9,UEZqxa8QcPsSvJGzEfjzhKXim1E=,Y+P0wm5zLFCgXXeSeB/4lARr+TY=
-40,-6,UEZqxa8QcPsSvJGzEfjzhKXim1E=,Go0+Kqds+PDPlIvPBJXZv1F/SpY=
-41,-10,UEZqxa8QcPsSvJGzEfjzhKXim1E=,Y+P0wm5zLFCgXXeSeB/4lARr+TY=
-36,-4,UEZqxa8QcPsSvJGzEfjzhKXim1E=,Go0+Kqds+PDPlIvPBJXZv1F/SpY=
-42,-10,UEZqxa8QcPsSvJGzEfjzhKXim1E=,Y+P0wm5zLFCgXXeSeB/4lARr+TY=
-43,-9,UEZqxa8QcPsSvJGzEfjzhKXim1E=,Y+P0wm5zLFCgXXeSeB/4lARr+TY=
-38,-4,UEZqxa8QcPsSvJGzEfjzhKXim1E=,Go0+Kqds+PDPlIvPBJXZv1F/SpY=
-40,-4,UEZqxa8QcPsSvJGzEfjzhKXim1E=,Go0+Kqds+PDPlIvPBJXZv1F/SpY=
-43,-10,UEZqxa8QcPsSvJGzEfjzhKXim1E=,Y+P0wm5zLFCgXXeSeB/4lARr+TY=
-36,-7,UEZqxa8QcPsSvJGzEfjzhKXim1E=,Go0+Kqds+PDPlIvPBJXZv1F/SpY=
-39,-6,UEZqxa8QcPsSvJGzEfjzhKXim1E=,Go0+Kqds+PDPlIvPBJXZv1F/SpY=
-36,-5,UEZqxa8QcPsSvJGzEfjzhKXim1E=,Go0+Kqds+PDPlIvPBJXZv1F/SpY=
-41,-11,UEZqxa8QcPsSvJGzEfjzhKXim1E=,Y+P0wm5zLFCgXXeSeB/4lARr+TY=
-37,-4,UEZqxa8QcPsSvJGzEfjzhKXim1E=,Go0+Kqds+PDPlIvPBJXZv1F/SpY=
-37,-5,UEZqxa8QcPsSvJGzEfjzhKXim1E=,Go0+Kqds+PDPlIvPBJXZv1F/SpY=
-42,-11,UEZqxa8QcPsSvJGzEfjzhKXim1E=,Y+P0wm5zLFCgXXeSeB/4lARr+TY=
-43,-11,UEZqxa8QcPsSvJGzEfjzhKXim1E=,Y+P0wm5zLFCgXXeSeB/4lARr+TY=
-38,-5,UEZqxa8QcPsSvJGzEfjzhKXim1E=,Go0+Kqds+PDPlIvPBJXZv1F/SpY=
-39,-5,UEZqxa8QcPsSvJGzEfjzhKXim1E=,Go0+Kqds+PDPlIvPBJXZv1F/SpY=
-36,-8,UEZqxa8QcPsSvJGzEfjzhKXim1E=,Go0+Kqds+PDPlIvPBJXZv1F/SpY=
-36,-9,UEZqxa8QcPsSvJGzEfjzhKXim1E=,BfavxmmpVBL/tFCrOdY8TKJZaJE=
-37,-7,UEZqxa8QcPsSvJGzEfjzhKXim1E=,Go0+Kqds+PDPlIvPBJXZv1F/SpY=
-39,-4,UEZqxa8QcPsSvJGzEfjzhKXim1E=,Go0+Kqds+PDPlIvPBJXZv1F/SpY=
-42,-7,UEZqxa8QcPsSvJGzEfjzhKXim1E=,5I2WGoCWgBMHRwW6zJK7Tr9R/qU=
-38,-7,UEZqxa8QcPsSvJGzEfjzhKXim1E=,Go0+Kqds+PDPlIvPBJXZv1F/SpY=
-37,-8,UEZqxa8QcPsSvJGzEfjzhKXim1E=,Go0+Kqds+PDPlIvPBJXZv1F/SpY=
-42,-4,UEZqxa8QcPsSvJGzEfjzhKXim1E=,5I2WGoCWgBMHRwW6zJK7Tr9R/qU=
-43,-4,UEZqxa8QcPsSvJGzEfjzhKXim1E=,5I2WGoCWgBMHRwW6zJK7Tr9R/qU=
-40,-5,UEZqxa8QcPsSvJGzEfjzhKXim1E=,Go0+Kqds+PDPlIvPBJXZv1F/SpY=
-39,-7,UEZqxa8QcPsSvJGzEfjzhKXim1E=,Go0+Kqds+PDPlIvPBJXZv1F/SpY=
-39,-9,UEZqxa8QcPsSvJGzEfjzhKXim1E=,BfavxmmpVBL/tFCrOdY8TKJZaJE=
-38,-8,UEZqxa8QcPsSvJGzEfjzhKXim1E=,Go0+Kqds+PDPlIvPBJXZv1F/SpY=
-41,-4,UEZqxa8QcPsSvJGzEfjzhKXim1E=,5I2WGoCWgBMHRwW6zJK7Tr9R/qU=
-40,-9,UEZqxa8QcPsSvJGzEfjzhKXim1E=,BfavxmmpVBL/tFCrOdY8TKJZaJE=
-38,-9,UEZqxa8QcPsSvJGzEfjzhKXim1E=,BfavxmmpVBL/tFCrOdY8TKJZaJE=
-36,-6,UEZqxa8QcPsSvJGzEfjzhKXim1E=,Go0+Kqds+PDPlIvPBJXZv1F/SpY=
-41,-5,UEZqxa8QcPsSvJGzEfjzhKXim1E=,5I2WGoCWgBMHRwW6zJK7Tr9R/qU=
-42,-5,UEZqxa8QcPsSvJGzEfjzhKXim1E=,5I2WGoCWgBMHRwW6zJK7Tr9R/qU=
-36,-10,UEZqxa8QcPsSvJGzEfjzhKXim1E=,BfavxmmpVBL/tFCrOdY8TKJZaJE=
-37,-6,UEZqxa8QcPsSvJGzEfjzhKXim1E=,Go0+Kqds+PDPlIvPBJXZv1F/SpY=
-40,-8,UEZqxa8QcPsSvJGzEfjzhKXim1E=,Go0+Kqds+PDPlIvPBJXZv1F/SpY=
-39,-8,UEZqxa8QcPsSvJGzEfjzhKXim1E=,Go0+Kqds+PDPlIvPBJXZv1F/SpY=
-43,-5,UEZqxa8QcPsSvJGzEfjzhKXim1E=,5I2WGoCWgBMHRwW6zJK7Tr9R/qU=
-37,-10,UEZqxa8QcPsSvJGzEfjzhKXim1E=,BfavxmmpVBL/tFCrOdY8TKJZaJE=
-38,-6,UEZqxa8QcPsSvJGzEfjzhKXim1E=,Go0+Kqds+PDPlIvPBJXZv1F/SpY=
-37,-9,UEZqxa8QcPsSvJGzEfjzhKXim1E=,BfavxmmpVBL/tFCrOdY8TKJZaJE=
-37,-3,eVHcwlPqP2aX/CnHmMq9yyohF30=,Go0+Kqds+PDPlIvPBJXZv1F/SpY=
-36,-1,eVHcwlPqP2aX/CnHmMq9yyohF30=,Go0+Kqds+PDPlIvPBJXZv1F/SpY=
-36,-2,eVHcwlPqP2aX/CnHmMq9yyohF30=,Go0+Kqds+PDPlIvPBJXZv1F/SpY=
-37,-2,eVHcwlPqP2aX/CnHmMq9yyohF30=,Go0+Kqds+PDPlIvPBJXZv1F/SpY=
-36,-3,eVHcwlPqP2aX/CnHmMq9yyohF30=,Go0+Kqds+PDPlIvPBJXZv1F/SpY=
-37,-1,eVHcwlPqP2aX/CnHmMq9yyohF30=,Go0+Kqds+PDPlIvPBJXZv1F/SpY=
-35,-5,eVHcwlPqP2aX/CnHmMq9yyohF30=,Go0+Kqds+PDPlIvPBJXZv1F/SpY=
-33,-4,eVHcwlPqP2aX/CnHmMq9yyohF30=,Go0+Kqds+PDPlIvPBJXZv1F/SpY=
-34,-5,eVHcwlPqP2aX/CnHmMq9yyohF30=,Go0+Kqds+PDPlIvPBJXZv1F/SpY=
-33,-5,eVHcwlPqP2aX/CnHmMq9yyohF30=,Go0+Kqds+PDPlIvPBJXZv1F/SpY=
-34,-4,eVHcwlPqP2aX/CnHmMq9yyohF30=,Go0+Kqds+PDPlIvPBJXZv1F/SpY=
-35,-4,eVHcwlPqP2aX/CnHmMq9yyohF30=,Go0+Kqds+PDPlIvPBJXZv1F/SpY=
-33,-12,eVHcwlPqP2aX/CnHmMq9yyohF30=,BfavxmmpVBL/tFCrOdY8TKJZaJE=
-33,-8,eVHcwlPqP2aX/CnHmMq9yyohF30=,Go0+Kqds+PDPlIvPBJXZv1F/SpY=
-35,-10,eVHcwlPqP2aX/CnHmMq9yyohF30=,BfavxmmpVBL/tFCrOdY8TKJZaJE=
-35,-12,eVHcwlPqP2aX/CnHmMq9yyohF30=,BfavxmmpVBL/tFCrOdY8TKJZaJE=
-34,-12,eVHcwlPqP2aX/CnHmMq9yyohF30=,BfavxmmpVBL/tFCrOdY8TKJZaJE=
-33,-11,eVHcwlPqP2aX/CnHmMq9yyohF30=,BfavxmmpVBL/tFCrOdY8TKJZaJE=
-34,-8,eVHcwlPqP2aX/CnHmMq9yyohF30=,Go0+Kqds+PDPlIvPBJXZv1F/SpY=
-35,-13,eVHcwlPqP2aX/CnHmMq9yyohF30=,BfavxmmpVBL/tFCrOdY8TKJZaJE=
-34,-13,eVHcwlPqP2aX/CnHmMq9yyohF30=,BfavxmmpVBL/tFCrOdY8TKJZaJE=
-33,-7,eVHcwlPqP2aX/CnHmMq9yyohF30=,Go0+Kqds+PDPlIvPBJXZv1F/SpY=
-34,-7,eVHcwlPqP2aX/CnHmMq9yyohF30=,Go0+Kqds+PDPlIvPBJXZv1F/SpY=
-35,-11,eVHcwlPqP2aX/CnHmMq9yyohF30=,BfavxmmpVBL/tFCrOdY8TKJZaJE=
-35,-8,eVHcwlPqP2aX/CnHmMq9yyohF30=,Go0+Kqds+PDPlIvPBJXZv1F/SpY=
-33,-13,eVHcwlPqP2aX/CnHmMq9yyohF30=,BfavxmmpVBL/tFCrOdY8TKJZaJE=
-33,-9,eVHcwlPqP2aX/CnHmMq9yyohF30=,BfavxmmpVBL/tFCrOdY8TKJZaJE=
-34,-10,eVHcwlPqP2aX/CnHmMq9yyohF30=,BfavxmmpVBL/tFCrOdY8TKJZaJE=
-35,-7,eVHcwlPqP2aX/CnHmMq9yyohF30=,Go0+Kqds+PDPlIvPBJXZv1F/SpY=
-34,-11,eVHcwlPqP2aX/CnHmMq9yyohF30=,BfavxmmpVBL/tFCrOdY8TKJZaJE=
-33,-6,eVHcwlPqP2aX/CnHmMq9yyohF30=,Go0+Kqds+PDPlIvPBJXZv1F/SpY=
-34,-9,eVHcwlPqP2aX/CnHmMq9yyohF30=,BfavxmmpVBL/tFCrOdY8TKJZaJE=
-35,-9,eVHcwlPqP2aX/CnHmMq9yyohF30=,BfavxmmpVBL/tFCrOdY8TKJZaJE=
-33,-10,eVHcwlPqP2aX/CnHmMq9yyohF30=,BfavxmmpVBL/tFCrOdY8TKJZaJE=
-35,-6,eVHcwlPqP2aX/CnHmMq9yyohF30=,Go0+Kqds+PDPlIvPBJXZv1F/SpY=
-34,-6,eVHcwlPqP2aX/CnHmMq9yyohF30=,Go0+Kqds+PDPlIvPBJXZv1F/SpY=
-48,-12,eVHcwlPqP2aX/CnHmMq9yyohF30=,Y+P0wm5zLFCgXXeSeB/4lARr+TY=
-46,-13,eVHcwlPqP2aX/CnHmMq9yyohF30=,Y+P0wm5zLFCgXXeSeB/4lARr+TY=
-48,-13,eVHcwlPqP2aX/CnHmMq9yyohF30=,Y+P0wm5zLFCgXXeSeB/4lARr+TY=
-46,-12,eVHcwlPqP2aX/CnHmMq9yyohF30=,Y+P0wm5zLFCgXXeSeB/4lARr+TY=
-47,-12,eVHcwlPqP2aX/CnHmMq9yyohF30=,Y+P0wm5zLFCgXXeSeB/4lARr+TY=
-47,-13,eVHcwlPqP2aX/CnHmMq9yyohF30=,Y+P0wm5zLFCgXXeSeB/4lARr+TY=
-48,-14,eVHcwlPqP2aX/CnHmMq9yyohF30=,Y+P0wm5zLFCgXXeSeB/4lARr+TY=
-48,-15,eVHcwlPqP2aX/CnHmMq9yyohF30=,Y+P0wm5zLFCgXXeSeB/4lARr+TY=
-48,-4,eVHcwlPqP2aX/CnHmMq9yyohF30=,5I2WGoCWgBMHRwW6zJK7Tr9R/qU=
-46,-5,eVHcwlPqP2aX/CnHmMq9yyohF30=,5I2WGoCWgBMHRwW6zJK7Tr9R/qU=
-46,-16,eVHcwlPqP2aX/CnHmMq9yyohF30=,Y+P0wm5zLFCgXXeSeB/4lARr+TY=
-47,-15,eVHcwlPqP2aX/CnHmMq9yyohF30=,Y+P0wm5zLFCgXXeSeB/4lARr+TY=
-47,-5,eVHcwlPqP2aX/CnHmMq9yyohF30=,5I2WGoCWgBMHRwW6zJK7Tr9R/qU=
-46,-6,eVHcwlPqP2aX/CnHmMq9yyohF30=,5I2WGoCWgBMHRwW6zJK7Tr9R/qU=
-47,-14,eVHcwlPqP2aX/CnHmMq9yyohF30=,Y+P0wm5zLFCgXXeSeB/4lARr+TY=
-47,-16,eVHcwlPqP2aX/CnHmMq9yyohF30=,Y+P0wm5zLFCgXXeSeB/4lARr+TY=
-48,-6,eVHcwlPqP2aX/CnHmMq9yyohF30=,5I2WGoCWgBMHRwW6zJK7Tr9R/qU=
-48,-5,eVHcwlPqP2aX/CnHmMq9yyohF30=,5I2WGoCWgBMHRwW6zJK7Tr9R/qU=
-48,-9,eVHcwlPqP2aX/CnHmMq9yyohF30=,Y+P0wm5zLFCgXXeSeB/4lARr+TY=
-48,-16,eVHcwlPqP2aX/CnHmMq9yyohF30=,Y+P0wm5zLFCgXXeSeB/4lARr+TY=
-47,-4,eVHcwlPqP2aX/CnHmMq9yyohF30=,5I2WGoCWgBMHRwW6zJK7Tr9R/qU=
-48,-8,eVHcwlPqP2aX/CnHmMq9yyohF30=,5I2WGoCWgBMHRwW6zJK7Tr9R/qU=
-46,-7,eVHcwlPqP2aX/CnHmMq9yyohF30=,5I2WGoCWgBMHRwW6zJK7Tr9R/qU=
-46,-15,eVHcwlPqP2aX/CnHmMq9yyohF30=,Y+P0wm5zLFCgXXeSeB/4lARr+TY=
-47,-7,eVHcwlPqP2aX/CnHmMq9yyohF30=,5I2WGoCWgBMHRwW6zJK7Tr9R/qU=
-46,-14,eVHcwlPqP2aX/CnHmMq9yyohF30=,Y+P0wm5zLFCgXXeSeB/4lARr+TY=
-48,-7,eVHcwlPqP2aX/CnHmMq9yyohF30=,5I2WGoCWgBMHRwW6zJK7Tr9R/qU=
-46,-8,eVHcwlPqP2aX/CnHmMq9yyohF30=,5I2WGoCWgBMHRwW6zJK7Tr9R/qU=
-47,-8,eVHcwlPqP2aX/CnHmMq9yyohF30=,5I2WGoCWgBMHRwW6zJK7Tr9R/qU=
-46,-9,eVHcwlPqP2aX/CnHmMq9yyohF30=,Y+P0wm5zLFCgXXeSeB/4lARr+TY=
-47,-9,eVHcwlPqP2aX/CnHmMq9yyohF30=,Y+P0wm5zLFCgXXeSeB/4lARr+TY=
-48,-10,eVHcwlPqP2aX/CnHmMq9yyohF30=,Y+P0wm5zLFCgXXeSeB/4lARr+TY=
-46,-10,eVHcwlPqP2aX/CnHmMq9yyohF30=,Y+P0wm5zLFCgXXeSeB/4lARr+TY=
-46,-4,eVHcwlPqP2aX/CnHmMq9yyohF30=,5I2WGoCWgBMHRwW6zJK7Tr9R/qU=
-46,-11,eVHcwlPqP2aX/CnHmMq9yyohF30=,Y+P0wm5zLFCgXXeSeB/4lARr+TY=
-48,-11,eVHcwlPqP2aX/CnHmMq9yyohF30=,Y+P0wm5zLFCgXXeSeB/4lARr+TY=
-47,-11,eVHcwlPqP2aX/CnHmMq9yyohF30=,Y+P0wm5zLFCgXXeSeB/4lARr+TY=
-47,-10,eVHcwlPqP2aX/CnHmMq9yyohF30=,Y+P0wm5zLFCgXXeSeB/4lARr+TY=
-47,-6,eVHcwlPqP2aX/CnHmMq9yyohF30=,5I2WGoCWgBMHRwW6zJK7Tr9R/qU=
-34,-16,eVHcwlPqP2aX/CnHmMq9yyohF30=,BfavxmmpVBL/tFCrOdY8TKJZaJE=
-33,-16,eVHcwlPqP2aX/CnHmMq9yyohF30=,BfavxmmpVBL/tFCrOdY8TKJZaJE=
-35,-15,eVHcwlPqP2aX/CnHmMq9yyohF30=,BfavxmmpVBL/tFCrOdY8TKJZaJE=
-33,-14,eVHcwlPqP2aX/CnHmMq9yyohF30=,BfavxmmpVBL/tFCrOdY8TKJZaJE=
-35,-16,eVHcwlPqP2aX/CnHmMq9yyohF30=,BfavxmmpVBL/tFCrOdY8TKJZaJE=
-33,-15,eVHcwlPqP2aX/CnHmMq9yyohF30=,BfavxmmpVBL/tFCrOdY8TKJZaJE=
-34,-14,eVHcwlPqP2aX/CnHmMq9yyohF30=,BfavxmmpVBL/tFCrOdY8TKJZaJE=
-35,-14,eVHcwlPqP2aX/CnHmMq9yyohF30=,BfavxmmpVBL/tFCrOdY8TKJZaJE=
-34,-15,6OHLMbV111gXP9SfGU9SKcgwto8=,BfavxmmpVBL/tFCrOdY8TKJZaJE=
-44,-3,6OHLMbV111gXP9SfGU9SKcgwto8=,5I2WGoCWgBMHRwW6zJK7Tr9R/qU=
-45,-3,6OHLMbV111gXP9SfGU9SKcgwto8=,5I2WGoCWgBMHRwW6zJK7Tr9R/qU=
-39,-3,6OHLMbV111gXP9SfGU9SKcgwto8=,Go0+Kqds+PDPlIvPBJXZv1F/SpY=
-46,-1,6OHLMbV111gXP9SfGU9SKcgwto8=,5I2WGoCWgBMHRwW6zJK7Tr9R/qU=
-45,-1,6OHLMbV111gXP9SfGU9SKcgwto8=,5I2WGoCWgBMHRwW6zJK7Tr9R/qU=
-41,-1,6OHLMbV111gXP9SfGU9SKcgwto8=,5I2WGoCWgBMHRwW6zJK7Tr9R/qU=
-46,-3,6OHLMbV111gXP9SfGU9SKcgwto8=,5I2WGoCWgBMHRwW6zJK7Tr9R/qU=
-48,-1,6OHLMbV111gXP9SfGU9SKcgwto8=,5I2WGoCWgBMHRwW6zJK7Tr9R/qU=
-40,-3,6OHLMbV111gXP9SfGU9SKcgwto8=,Go0+Kqds+PDPlIvPBJXZv1F/SpY=
-47,-3,6OHLMbV111gXP9SfGU9SKcgwto8=,5I2WGoCWgBMHRwW6zJK7Tr9R/qU=
-47,-1,6OHLMbV111gXP9SfGU9SKcgwto8=,5I2WGoCWgBMHRwW6zJK7Tr9R/qU=
-43,-3,6OHLMbV111gXP9SfGU9SKcgwto8=,5I2WGoCWgBMHRwW6zJK7Tr9R/qU=
-42,-1,6OHLMbV111gXP9SfGU9SKcgwto8=,5I2WGoCWgBMHRwW6zJK7Tr9R/qU=
-48,-3,6OHLMbV111gXP9SfGU9SKcgwto8=,5I2WGoCWgBMHRwW6zJK7Tr9R/qU=
-43,-1,6OHLMbV111gXP9SfGU9SKcgwto8=,5I2WGoCWgBMHRwW6zJK7Tr9R/qU=
-38,-1,6OHLMbV111gXP9SfGU9SKcgwto8=,Go0+Kqds+PDPlIvPBJXZv1F/SpY=
-42,-2,6OHLMbV111gXP9SfGU9SKcgwto8=,5I2WGoCWgBMHRwW6zJK7Tr9R/qU=
-43,-2,6OHLMbV111gXP9SfGU9SKcgwto8=,5I2WGoCWgBMHRwW6zJK7Tr9R/qU=
-42,-3,6OHLMbV111gXP9SfGU9SKcgwto8=,5I2WGoCWgBMHRwW6zJK7Tr9R/qU=
-41,-2,6OHLMbV111gXP9SfGU9SKcgwto8=,5I2WGoCWgBMHRwW6zJK7Tr9R/qU=
-44,-2,6OHLMbV111gXP9SfGU9SKcgwto8=,5I2WGoCWgBMHRwW6zJK7Tr9R/qU=
-38,-3,6OHLMbV111gXP9SfGU9SKcgwto8=,Go0+Kqds+PDPlIvPBJXZv1F/SpY=
-39,-1,6OHLMbV111gXP9SfGU9SKcgwto8=,Go0+Kqds+PDPlIvPBJXZv1F/SpY=
-45,-2,6OHLMbV111gXP9SfGU9SKcgwto8=,5I2WGoCWgBMHRwW6zJK7Tr9R/qU=
-46,-2,6OHLMbV111gXP9SfGU9SKcgwto8=,5I2WGoCWgBMHRwW6zJK7Tr9R/qU=
-40,-1,6OHLMbV111gXP9SfGU9SKcgwto8=,Go0+Kqds+PDPlIvPBJXZv1F/SpY=
-44,-1,6OHLMbV111gXP9SfGU9SKcgwto8=,5I2WGoCWgBMHRwW6zJK7Tr9R/qU=
-38,-2,6OHLMbV111gXP9SfGU9SKcgwto8=,Go0+Kqds+PDPlIvPBJXZv1F/SpY=
-40,-2,6OHLMbV111gXP9SfGU9SKcgwto8=,Go0+Kqds+PDPlIvPBJXZv1F/SpY=
-47,-2,6OHLMbV111gXP9SfGU9SKcgwto8=,5I2WGoCWgBMHRwW6zJK7Tr9R/qU=
-39,-2,6OHLMbV111gXP9SfGU9SKcgwto8=,Go0+Kqds+PDPlIvPBJXZv1F/SpY=
-48,-2,6OHLMbV111gXP9SfGU9SKcgwto8=,5I2WGoCWgBMHRwW6zJK7Tr9R/qU=
-41,-3,6OHLMbV111gXP9SfGU9SKcgwto8=,5I2WGoCWgBMHRwW6zJK7Tr9R/qU=
-33,-3,6OHLMbV111gXP9SfGU9SKcgwto8=,Go0+Kqds+PDPlIvPBJXZv1F/SpY=
-35,-3,6OHLMbV111gXP9SfGU9SKcgwto8=,Go0+Kqds+PDPlIvPBJXZv1F/SpY=
-33,-1,6OHLMbV111gXP9SfGU9SKcgwto8=,Go0+Kqds+PDPlIvPBJXZv1F/SpY=
-34,-2,6OHLMbV111gXP9SfGU9SKcgwto8=,Go0+Kqds+PDPlIvPBJXZv1F/SpY=
-33,-2,6OHLMbV111gXP9SfGU9SKcgwto8=,Go0+Kqds+PDPlIvPBJXZv1F/SpY=
-35,-1,6OHLMbV111gXP9SfGU9SKcgwto8=,Go0+Kqds+PDPlIvPBJXZv1F/SpY=
-34,-3,6OHLMbV111gXP9SfGU9SKcgwto8=,Go0+Kqds+PDPlIvPBJXZv1F/SpY=
-34,-1,6OHLMbV111gXP9SfGU9SKcgwto8=,Go0+Kqds+PDPlIvPBJXZv1F/SpY=
-35,-2,6OHLMbV111gXP9SfGU9SKcgwto8=,Go0+Kqds+PDPlIvPBJXZv1F/SpY=
-37,-21,6OHLMbV111gXP9SfGU9SKcgwto8=,Czmf7FdYIeojQdGwO6stHGq2y/E=
-37,-20,6OHLMbV111gXP9SfGU9SKcgwto8=,Czmf7FdYIeojQdGwO6stHGq2y/E=
-36,-22,6OHLMbV111gXP9SfGU9SKcgwto8=,Czmf7FdYIeojQdGwO6stHGq2y/E=
-36,-23,6OHLMbV111gXP9SfGU9SKcgwto8=,Czmf7FdYIeojQdGwO6stHGq2y/E=
-37,-23,6OHLMbV111gXP9SfGU9SKcgwto8=,Czmf7FdYIeojQdGwO6stHGq2y/E=
-37,-22,6OHLMbV111gXP9SfGU9SKcgwto8=,Czmf7FdYIeojQdGwO6stHGq2y/E=
-36,-24,6OHLMbV111gXP9SfGU9SKcgwto8=,Czmf7FdYIeojQdGwO6stHGq2y/E=
-37,-24,6OHLMbV111gXP9SfGU9SKcgwto8=,Czmf7FdYIeojQdGwO6stHGq2y/E=
-36,-21,6OHLMbV111gXP9SfGU9SKcgwto8=,Czmf7FdYIeojQdGwO6stHGq2y/E=
-36,-20,6OHLMbV111gXP9SfGU9SKcgwto8=,Czmf7FdYIeojQdGwO6stHGq2y/E=
-45,-24,GGqOUUjbh7zpvvG/jGFhq4g2bLk=,MuHjn+nKClC6wdOyHAPZ9//ZxIU=
-44,-24,GGqOUUjbh7zpvvG/jGFhq4g2bLk=,MuHjn+nKClC6wdOyHAPZ9//ZxIU=
-43,-24,GGqOUUjbh7zpvvG/jGFhq4g2bLk=,MuHjn+nKClC6wdOyHAPZ9//ZxIU=
-40,-24,GGqOUUjbh7zpvvG/jGFhq4g2bLk=,Czmf7FdYIeojQdGwO6stHGq2y/E=
-47,-21,GGqOUUjbh7zpvvG/jGFhq4g2bLk=,MuHjn+nKClC6wdOyHAPZ9//ZxIU=
-41,-22,GGqOUUjbh7zpvvG/jGFhq4g2bLk=,MuHjn+nKClC6wdOyHAPZ9//ZxIU=
-42,-22,GGqOUUjbh7zpvvG/jGFhq4g2bLk=,MuHjn+nKClC6wdOyHAPZ9//ZxIU=
-38,-20,GGqOUUjbh7zpvvG/jGFhq4g2bLk=,Czmf7FdYIeojQdGwO6stHGq2y/E=
-43,-22,GGqOUUjbh7zpvvG/jGFhq4g2bLk=,MuHjn+nKClC6wdOyHAPZ9//ZxIU=
-39,-21,GGqOUUjbh7zpvvG/jGFhq4g2bLk=,Czmf7FdYIeojQdGwO6stHGq2y/E=
-39,-20,GGqOUUjbh7zpvvG/jGFhq4g2bLk=,Czmf7FdYIeojQdGwO6stHGq2y/E=
-40,-20,GGqOUUjbh7zpvvG/jGFhq4g2bLk=,Czmf7FdYIeojQdGwO6stHGq2y/E=
-39,-22,GGqOUUjbh7zpvvG/jGFhq4g2bLk=,Czmf7FdYIeojQdGwO6stHGq2y/E=
-40,-22,GGqOUUjbh7zpvvG/jGFhq4g2bLk=,Czmf7FdYIeojQdGwO6stHGq2y/E=
-40,-23,GGqOUUjbh7zpvvG/jGFhq4g2bLk=,Czmf7FdYIeojQdGwO6stHGq2y/E=
-44,-22,GGqOUUjbh7zpvvG/jGFhq4g2bLk=,MuHjn+nKClC6wdOyHAPZ9//ZxIU=
-45,-22,GGqOUUjbh7zpvvG/jGFhq4g2bLk=,MuHjn+nKClC6wdOyHAPZ9//ZxIU=
-41,-20,GGqOUUjbh7zpvvG/jGFhq4g2bLk=,MuHjn+nKClC6wdOyHAPZ9//ZxIU=
-40,-21,GGqOUUjbh7zpvvG/jGFhq4g2bLk=,Czmf7FdYIeojQdGwO6stHGq2y/E=
-42,-20,GGqOUUjbh7zpvvG/jGFhq4g2bLk=,MuHjn+nKClC6wdOyHAPZ9//ZxIU=
-43,-20,GGqOUUjbh7zpvvG/jGFhq4g2bLk=,MuHjn+nKClC6wdOyHAPZ9//ZxIU=
-44,-20,GGqOUUjbh7zpvvG/jGFhq4g2bLk=,MuHjn+nKClC6wdOyHAPZ9//ZxIU=
-45,-20,GGqOUUjbh7zpvvG/jGFhq4g2bLk=,MuHjn+nKClC6wdOyHAPZ9//ZxIU=
-46,-20,GGqOUUjbh7zpvvG/jGFhq4g2bLk=,MuHjn+nKClC6wdOyHAPZ9//ZxIU=
-38,-21,GGqOUUjbh7zpvvG/jGFhq4g2bLk=,Czmf7FdYIeojQdGwO6stHGq2y/E=
-41,-21,GGqOUUjbh7zpvvG/jGFhq4g2bLk=,MuHjn+nKClC6wdOyHAPZ9//ZxIU=
-41,-23,GGqOUUjbh7zpvvG/jGFhq4g2bLk=,MuHjn+nKClC6wdOyHAPZ9//ZxIU=
-42,-21,GGqOUUjbh7zpvvG/jGFhq4g2bLk=,MuHjn+nKClC6wdOyHAPZ9//ZxIU=
-42,-23,GGqOUUjbh7zpvvG/jGFhq4g2bLk=,MuHjn+nKClC6wdOyHAPZ9//ZxIU=
-43,-23,GGqOUUjbh7zpvvG/jGFhq4g2bLk=,MuHjn+nKClC6wdOyHAPZ9//ZxIU=
-44,-23,GGqOUUjbh7zpvvG/jGFhq4g2bLk=,MuHjn+nKClC6wdOyHAPZ9//ZxIU=
-48,-21,GGqOUUjbh7zpvvG/jGFhq4g2bLk=,MuHjn+nKClC6wdOyHAPZ9//ZxIU=
-45,-23,GGqOUUjbh7zpvvG/jGFhq4g2bLk=,MuHjn+nKClC6wdOyHAPZ9//ZxIU=
-38,-22,GGqOUUjbh7zpvvG/jGFhq4g2bLk=,Czmf7FdYIeojQdGwO6stHGq2y/E=
-47,-20,GGqOUUjbh7zpvvG/jGFhq4g2bLk=,MuHjn+nKClC6wdOyHAPZ9//ZxIU=
-44,-21,GGqOUUjbh7zpvvG/jGFhq4g2bLk=,MuHjn+nKClC6wdOyHAPZ9//ZxIU=
-45,-21,GGqOUUjbh7zpvvG/jGFhq4g2bLk=,MuHjn+nKClC6wdOyHAPZ9//ZxIU=
-38,-23,GGqOUUjbh7zpvvG/jGFhq4g2bLk=,Czmf7FdYIeojQdGwO6stHGq2y/E=
-46,-21,GGqOUUjbh7zpvvG/jGFhq4g2bLk=,MuHjn+nKClC6wdOyHAPZ9//ZxIU=
-39,-23,GGqOUUjbh7zpvvG/jGFhq4g2bLk=,Czmf7FdYIeojQdGwO6stHGq2y/E=
-41,-24,GGqOUUjbh7zpvvG/jGFhq4g2bLk=,MuHjn+nKClC6wdOyHAPZ9//ZxIU=
-42,-24,GGqOUUjbh7zpvvG/jGFhq4g2bLk=,MuHjn+nKClC6wdOyHAPZ9//ZxIU=
-38,-24,GGqOUUjbh7zpvvG/jGFhq4g2bLk=,Czmf7FdYIeojQdGwO6stHGq2y/E=
-39,-24,GGqOUUjbh7zpvvG/jGFhq4g2bLk=,Czmf7FdYIeojQdGwO6stHGq2y/E=
-43,-21,GGqOUUjbh7zpvvG/jGFhq4g2bLk=,MuHjn+nKClC6wdOyHAPZ9//ZxIU=
-48,-20,GGqOUUjbh7zpvvG/jGFhq4g2bLk=,MuHjn+nKClC6wdOyHAPZ9//ZxIU=
-35,-20,GGqOUUjbh7zpvvG/jGFhq4g2bLk=,Czmf7FdYIeojQdGwO6stHGq2y/E=
-34,-20,GGqOUUjbh7zpvvG/jGFhq4g2bLk=,Czmf7FdYIeojQdGwO6stHGq2y/E=
-35,-21,GGqOUUjbh7zpvvG/jGFhq4g2bLk=,Czmf7FdYIeojQdGwO6stHGq2y/E=
-34,-21,GGqOUUjbh7zpvvG/jGFhq4g2bLk=,Czmf7FdYIeojQdGwO6stHGq2y/E=
-33,-21,GGqOUUjbh7zpvvG/jGFhq4g2bLk=,Czmf7FdYIeojQdGwO6stHGq2y/E=
-33,-20,GGqOUUjbh7zpvvG/jGFhq4g2bLk=,Czmf7FdYIeojQdGwO6stHGq2y/E=
-46,-24,GGqOUUjbh7zpvvG/jGFhq4g2bLk=,MuHjn+nKClC6wdOyHAPZ9//ZxIU=
-48,-23,GGqOUUjbh7zpvvG/jGFhq4g2bLk=,MuHjn+nKClC6wdOyHAPZ9//ZxIU=
-47,-23,GGqOUUjbh7zpvvG/jGFhq4g2bLk=,MuHjn+nKClC6wdOyHAPZ9//ZxIU=
-46,-23,GGqOUUjbh7zpvvG/jGFhq4g2bLk=,MuHjn+nKClC6wdOyHAPZ9//ZxIU=
-48,-22,GGqOUUjbh7zpvvG/jGFhq4g2bLk=,MuHjn+nKClC6wdOyHAPZ9//ZxIU=
-47,-22,GGqOUUjbh7zpvvG/jGFhq4g2bLk=,MuHjn+nKClC6wdOyHAPZ9//ZxIU=
-46,-22,GGqOUUjbh7zpvvG/jGFhq4g2bLk=,MuHjn+nKClC6wdOyHAPZ9//ZxIU=
-48,-24,GGqOUUjbh7zpvvG/jGFhq4g2bLk=,MuHjn+nKClC6wdOyHAPZ9//ZxIU=
-47,-24,GGqOUUjbh7zpvvG/jGFhq4g2bLk=,MuHjn+nKClC6wdOyHAPZ9//ZxIU=
-36,-18,GGqOUUjbh7zpvvG/jGFhq4g2bLk=,Czmf7FdYIeojQdGwO6stHGq2y/E=
-37,-18,GGqOUUjbh7zpvvG/jGFhq4g2bLk=,Czmf7FdYIeojQdGwO6stHGq2y/E=
-36,-19,GGqOUUjbh7zpvvG/jGFhq4g2bLk=,Czmf7FdYIeojQdGwO6stHGq2y/E=
-37,-19,GGqOUUjbh7zpvvG/jGFhq4g2bLk=,Czmf7FdYIeojQdGwO6stHGq2y/E=
-36,-17,GGqOUUjbh7zpvvG/jGFhq4g2bLk=,Czmf7FdYIeojQdGwO6stHGq2y/E=
-35,-24,GGqOUUjbh7zpvvG/jGFhq4g2bLk=,Czmf7FdYIeojQdGwO6stHGq2y/E=
-33,-23,GGqOUUjbh7zpvvG/jGFhq4g2bLk=,Czmf7FdYIeojQdGwO6stHGq2y/E=
-34,-23,GGqOUUjbh7zpvvG/jGFhq4g2bLk=,Czmf7FdYIeojQdGwO6stHGq2y/E=
-33,-24,GGqOUUjbh7zpvvG/jGFhq4g2bLk=,Czmf7FdYIeojQdGwO6stHGq2y/E=
-33,-22,GGqOUUjbh7zpvvG/jGFhq4g2bLk=,Czmf7FdYIeojQdGwO6stHGq2y/E=
-34,-22,GGqOUUjbh7zpvvG/jGFhq4g2bLk=,Czmf7FdYIeojQdGwO6stHGq2y/E=
-35,-22,GGqOUUjbh7zpvvG/jGFhq4g2bLk=,Czmf7FdYIeojQdGwO6stHGq2y/E=
-34,-24,GGqOUUjbh7zpvvG/jGFhq4g2bLk=,Czmf7FdYIeojQdGwO6stHGq2y/E=
-35,-23,GGqOUUjbh7zpvvG/jGFhq4g2bLk=,Czmf7FdYIeojQdGwO6stHGq2y/E=
-37,-17,GGqOUUjbh7zpvvG/jGFhq4g2bLk=,Czmf7FdYIeojQdGwO6stHGq2y/E=
-33,-18,GGqOUUjbh7zpvvG/jGFhq4g2bLk=,Czmf7FdYIeojQdGwO6stHGq2y/E=
-35,-18,GGqOUUjbh7zpvvG/jGFhq4g2bLk=,Czmf7FdYIeojQdGwO6stHGq2y/E=
-34,-19,GGqOUUjbh7zpvvG/jGFhq4g2bLk=,Czmf7FdYIeojQdGwO6stHGq2y/E=
-33,-19,GGqOUUjbh7zpvvG/jGFhq4g2bLk=,Czmf7FdYIeojQdGwO6stHGq2y/E=
-35,-19,GGqOUUjbh7zpvvG/jGFhq4g2bLk=,Czmf7FdYIeojQdGwO6stHGq2y/E=
-42,-18,GGqOUUjbh7zpvvG/jGFhq4g2bLk=,MuHjn+nKClC6wdOyHAPZ9//ZxIU=
-34,-18,GGqOUUjbh7zpvvG/jGFhq4g2bLk=,Czmf7FdYIeojQdGwO6stHGq2y/E=
-48,-18,GGqOUUjbh7zpvvG/jGFhq4g2bLk=,MuHjn+nKClC6wdOyHAPZ9//ZxIU=
-42,-19,GGqOUUjbh7zpvvG/jGFhq4g2bLk=,MuHjn+nKClC6wdOyHAPZ9//ZxIU=
-43,-19,GGqOUUjbh7zpvvG/jGFhq4g2bLk=,MuHjn+nKClC6wdOyHAPZ9//ZxIU=
-41,-19,GGqOUUjbh7zpvvG/jGFhq4g2bLk=,MuHjn+nKClC6wdOyHAPZ9//ZxIU=
-41,-18,GGqOUUjbh7zpvvG/jGFhq4g2bLk=,MuHjn+nKClC6wdOyHAPZ9//ZxIU=
-47,-18,GGqOUUjbh7zpvvG/jGFhq4g2bLk=,MuHjn+nKClC6wdOyHAPZ9//ZxIU=
-38,-18,GGqOUUjbh7zpvvG/jGFhq4g2bLk=,Czmf7FdYIeojQdGwO6stHGq2y/E=
-46,-19,GGqOUUjbh7zpvvG/jGFhq4g2bLk=,MuHjn+nKClC6wdOyHAPZ9//ZxIU=
-47,-19,GGqOUUjbh7zpvvG/jGFhq4g2bLk=,MuHjn+nKClC6wdOyHAPZ9//ZxIU=
-43,-18,GGqOUUjbh7zpvvG/jGFhq4g2bLk=,MuHjn+nKClC6wdOyHAPZ9//ZxIU=
-39,-18,GGqOUUjbh7zpvvG/jGFhq4g2bLk=,Czmf7FdYIeojQdGwO6stHGq2y/E=
-40,-18,GGqOUUjbh7zpvvG/jGFhq4g2bLk=,Czmf7FdYIeojQdGwO6stHGq2y/E=
-35,-17,GGqOUUjbh7zpvvG/jGFhq4g2bLk=,Czmf7FdYIeojQdGwO6stHGq2y/E=
-34,-17,GGqOUUjbh7zpvvG/jGFhq4g2bLk=,Czmf7FdYIeojQdGwO6stHGq2y/E=
-39,-19,GGqOUUjbh7zpvvG/jGFhq4g2bLk=,Czmf7FdYIeojQdGwO6stHGq2y/E=
-33,-17,GGqOUUjbh7zpvvG/jGFhq4g2bLk=,Czmf7FdYIeojQdGwO6stHGq2y/E=
-40,-19,GGqOUUjbh7zpvvG/jGFhq4g2bLk=,Czmf7FdYIeojQdGwO6stHGq2y/E=
-38,-19,GGqOUUjbh7zpvvG/jGFhq4g2bLk=,Czmf7FdYIeojQdGwO6stHGq2y/E=
-46,-18,GGqOUUjbh7zpvvG/jGFhq4g2bLk=,MuHjn+nKClC6wdOyHAPZ9//ZxIU=
-45,-18,GGqOUUjbh7zpvvG/jGFhq4g2bLk=,MuHjn+nKClC6wdOyHAPZ9//ZxIU=
-40,-17,GGqOUUjbh7zpvvG/jGFhq4g2bLk=,Czmf7FdYIeojQdGwO6stHGq2y/E=
-48,-19,GGqOUUjbh7zpvvG/jGFhq4g2bLk=,MuHjn+nKClC6wdOyHAPZ9//ZxIU=
-44,-19,GGqOUUjbh7zpvvG/jGFhq4g2bLk=,MuHjn+nKClC6wdOyHAPZ9//ZxIU=
-39,-17,GGqOUUjbh7zpvvG/jGFhq4g2bLk=,Czmf7FdYIeojQdGwO6stHGq2y/E=
-45,-19,GGqOUUjbh7zpvvG/jGFhq4g2bLk=,MuHjn+nKClC6wdOyHAPZ9//ZxIU=
-42,-17,GGqOUUjbh7zpvvG/jGFhq4g2bLk=,MuHjn+nKClC6wdOyHAPZ9//ZxIU=
-44,-18,GGqOUUjbh7zpvvG/jGFhq4g2bLk=,MuHjn+nKClC6wdOyHAPZ9//ZxIU=
-48,-17,GGqOUUjbh7zpvvG/jGFhq4g2bLk=,MuHjn+nKClC6wdOyHAPZ9//ZxIU=
-44,-17,GGqOUUjbh7zpvvG/jGFhq4g2bLk=,MuHjn+nKClC6wdOyHAPZ9//ZxIU=
-43,-17,GGqOUUjbh7zpvvG/jGFhq4g2bLk=,MuHjn+nKClC6wdOyHAPZ9//ZxIU=
-38,-17,GGqOUUjbh7zpvvG/jGFhq4g2bLk=,Czmf7FdYIeojQdGwO6stHGq2y/E=
-47,-17,GGqOUUjbh7zpvvG/jGFhq4g2bLk=,MuHjn+nKClC6wdOyHAPZ9//ZxIU=
-46,-17,GGqOUUjbh7zpvvG/jGFhq4g2bLk=,MuHjn+nKClC6wdOyHAPZ9//ZxIU=
-41,-17,GGqOUUjbh7zpvvG/jGFhq4g2bLk=,MuHjn+nKClC6wdOyHAPZ9//ZxIU=
-45,-17,GGqOUUjbh7zpvvG/jGFhq4g2bLk=,MuHjn+nKClC6wdOyHAPZ9//ZxIU=
-54,-22,XoUeGhOxenHgYef77/JY7pDSEJY=,eXwYLFPTXKJtoP8G3SCcrsDKNWE=
-53,-20,XoUeGhOxenHgYef77/JY7pDSEJY=,eXwYLFPTXKJtoP8G3SCcrsDKNWE=
-54,-20,XoUeGhOxenHgYef77/JY7pDSEJY=,eXwYLFPTXKJtoP8G3SCcrsDKNWE=
-55,-20,XoUeGhOxenHgYef77/JY7pDSEJY=,eXwYLFPTXKJtoP8G3SCcrsDKNWE=
-56,-20,XoUeGhOxenHgYef77/JY7pDSEJY=,eXwYLFPTXKJtoP8G3SCcrsDKNWE=
-52,-18,XoUeGhOxenHgYef77/JY7pDSEJY=,eXwYLFPTXKJtoP8G3SCcrsDKNWE=
-53,-18,XoUeGhOxenHgYef77/JY7pDSEJY=,eXwYLFPTXKJtoP8G3SCcrsDKNWE=
-54,-21,XoUeGhOxenHgYef77/JY7pDSEJY=,eXwYLFPTXKJtoP8G3SCcrsDKNWE=
-55,-21,XoUeGhOxenHgYef77/JY7pDSEJY=,eXwYLFPTXKJtoP8G3SCcrsDKNWE=
-55,-22,XoUeGhOxenHgYef77/JY7pDSEJY=,eXwYLFPTXKJtoP8G3SCcrsDKNWE=
-56,-23,XoUeGhOxenHgYef77/JY7pDSEJY=,eXwYLFPTXKJtoP8G3SCcrsDKNWE=
-56,-22,XoUeGhOxenHgYef77/JY7pDSEJY=,eXwYLFPTXKJtoP8G3SCcrsDKNWE=
-52,-19,XoUeGhOxenHgYef77/JY7pDSEJY=,eXwYLFPTXKJtoP8G3SCcrsDKNWE=
-53,-19,XoUeGhOxenHgYef77/JY7pDSEJY=,eXwYLFPTXKJtoP8G3SCcrsDKNWE=
-56,-21,XoUeGhOxenHgYef77/JY7pDSEJY=,eXwYLFPTXKJtoP8G3SCcrsDKNWE=
-54,-19,XoUeGhOxenHgYef77/JY7pDSEJY=,eXwYLFPTXKJtoP8G3SCcrsDKNWE=
-53,-17,XoUeGhOxenHgYef77/JY7pDSEJY=,eXwYLFPTXKJtoP8G3SCcrsDKNWE=
-55,-19,XoUeGhOxenHgYef77/JY7pDSEJY=,eXwYLFPTXKJtoP8G3SCcrsDKNWE=
-56,-19,XoUeGhOxenHgYef77/JY7pDSEJY=,eXwYLFPTXKJtoP8G3SCcrsDKNWE=
-54,-17,XoUeGhOxenHgYef77/JY7pDSEJY=,eXwYLFPTXKJtoP8G3SCcrsDKNWE=
-55,-17,XoUeGhOxenHgYef77/JY7pDSEJY=,eXwYLFPTXKJtoP8G3SCcrsDKNWE=
-54,-18,XoUeGhOxenHgYef77/JY7pDSEJY=,eXwYLFPTXKJtoP8G3SCcrsDKNWE=
-52,-24,XoUeGhOxenHgYef77/JY7pDSEJY=,eXwYLFPTXKJtoP8G3SCcrsDKNWE=
-56,-17,XoUeGhOxenHgYef77/JY7pDSEJY=,eXwYLFPTXKJtoP8G3SCcrsDKNWE=
-52,-23,XoUeGhOxenHgYef77/JY7pDSEJY=,eXwYLFPTXKJtoP8G3SCcrsDKNWE=
-55,-18,XoUeGhOxenHgYef77/JY7pDSEJY=,eXwYLFPTXKJtoP8G3SCcrsDKNWE=
-54,-24,XoUeGhOxenHgYef77/JY7pDSEJY=,eXwYLFPTXKJtoP8G3SCcrsDKNWE=
-53,-24,XoUeGhOxenHgYef77/JY7pDSEJY=,eXwYLFPTXKJtoP8G3SCcrsDKNWE=
-55,-24,XoUeGhOxenHgYef77/JY7pDSEJY=,eXwYLFPTXKJtoP8G3SCcrsDKNWE=
-53,-23,XoUeGhOxenHgYef77/JY7pDSEJY=,eXwYLFPTXKJtoP8G3SCcrsDKNWE=
-56,-24,XoUeGhOxenHgYef77/JY7pDSEJY=,eXwYLFPTXKJtoP8G3SCcrsDKNWE=
-52,-21,XoUeGhOxenHgYef77/JY7pDSEJY=,eXwYLFPTXKJtoP8G3SCcrsDKNWE=
-53,-21,XoUeGhOxenHgYef77/JY7pDSEJY=,eXwYLFPTXKJtoP8G3SCcrsDKNWE=
-52,-20,XoUeGhOxenHgYef77/JY7pDSEJY=,eXwYLFPTXKJtoP8G3SCcrsDKNWE=
-52,-17,XoUeGhOxenHgYef77/JY7pDSEJY=,eXwYLFPTXKJtoP8G3SCcrsDKNWE=
-54,-23,XoUeGhOxenHgYef77/JY7pDSEJY=,eXwYLFPTXKJtoP8G3SCcrsDKNWE=
-55,-23,XoUeGhOxenHgYef77/JY7pDSEJY=,eXwYLFPTXKJtoP8G3SCcrsDKNWE=
-52,-22,XoUeGhOxenHgYef77/JY7pDSEJY=,eXwYLFPTXKJtoP8G3SCcrsDKNWE=
-56,-18,XoUeGhOxenHgYef77/JY7pDSEJY=,eXwYLFPTXKJtoP8G3SCcrsDKNWE=
-53,-22,XoUeGhOxenHgYef77/JY7pDSEJY=,eXwYLFPTXKJtoP8G3SCcrsDKNWE=
-49,-17,XoUeGhOxenHgYef77/JY7pDSEJY=,eXwYLFPTXKJtoP8G3SCcrsDKNWE=
-49,-23,XoUeGhOxenHgYef77/JY7pDSEJY=,eXwYLFPTXKJtoP8G3SCcrsDKNWE=
-50,-19,XoUeGhOxenHgYef77/JY7pDSEJY=,eXwYLFPTXKJtoP8G3SCcrsDKNWE=
-50,-24,XoUeGhOxenHgYef77/JY7pDSEJY=,eXwYLFPTXKJtoP8G3SCcrsDKNWE=
-51,-19,XoUeGhOxenHgYef77/JY7pDSEJY=,eXwYLFPTXKJtoP8G3SCcrsDKNWE=
-51,-22,XoUeGhOxenHgYef77/JY7pDSEJY=,eXwYLFPTXKJtoP8G3SCcrsDKNWE=
-50,-21,XoUeGhOxenHgYef77/JY7pDSEJY=,eXwYLFPTXKJtoP8G3SCcrsDKNWE=
-51,-23,XoUeGhOxenHgYef77/JY7pDSEJY=,eXwYLFPTXKJtoP8G3SCcrsDKNWE=
-50,-23,XoUeGhOxenHgYef77/JY7pDSEJY=,eXwYLFPTXKJtoP8G3SCcrsDKNWE=
-51,-24,XoUeGhOxenHgYef77/JY7pDSEJY=,eXwYLFPTXKJtoP8G3SCcrsDKNWE=
-49,-22,XoUeGhOxenHgYef77/JY7pDSEJY=,eXwYLFPTXKJtoP8G3SCcrsDKNWE=
-51,-21,XoUeGhOxenHgYef77/JY7pDSEJY=,eXwYLFPTXKJtoP8G3SCcrsDKNWE=
-51,-17,XoUeGhOxenHgYef77/JY7pDSEJY=,eXwYLFPTXKJtoP8G3SCcrsDKNWE=
-50,-17,XoUeGhOxenHgYef77/JY7pDSEJY=,eXwYLFPTXKJtoP8G3SCcrsDKNWE=
-49,-18,XoUeGhOxenHgYef77/JY7pDSEJY=,eXwYLFPTXKJtoP8G3SCcrsDKNWE=
-51,-20,XoUeGhOxenHgYef77/JY7pDSEJY=,eXwYLFPTXKJtoP8G3SCcrsDKNWE=
-50,-22,XoUeGhOxenHgYef77/JY7pDSEJY=,eXwYLFPTXKJtoP8G3SCcrsDKNWE=
-50,-20,XoUeGhOxenHgYef77/JY7pDSEJY=,eXwYLFPTXKJtoP8G3SCcrsDKNWE=
-49,-24,XoUeGhOxenHgYef77/JY7pDSEJY=,eXwYLFPTXKJtoP8G3SCcrsDKNWE=
-50,-18,XoUeGhOxenHgYef77/JY7pDSEJY=,eXwYLFPTXKJtoP8G3SCcrsDKNWE=
-49,-21,XoUeGhOxenHgYef77/JY7pDSEJY=,eXwYLFPTXKJtoP8G3SCcrsDKNWE=
-51,-18,XoUeGhOxenHgYef77/JY7pDSEJY=,eXwYLFPTXKJtoP8G3SCcrsDKNWE=
-49,-19,XoUeGhOxenHgYef77/JY7pDSEJY=,eXwYLFPTXKJtoP8G3SCcrsDKNWE=
-49,-20,XoUeGhOxenHgYef77/JY7pDSEJY=,eXwYLFPTXKJtoP8G3SCcrsDKNWE=
-53,-13,5zmH0kpPiZZN1tJ+loMZXq+SwOA=,vRXSjryiDitZZjv3ORHn6+bdnFc=
-52,-13,5zmH0kpPiZZN1tJ+loMZXq+SwOA=,vRXSjryiDitZZjv3ORHn6+bdnFc=
-53,-12,5zmH0kpPiZZN1tJ+loMZXq+SwOA=,vRXSjryiDitZZjv3ORHn6+bdnFc=
-52,-12,5zmH0kpPiZZN1tJ+loMZXq+SwOA=,vRXSjryiDitZZjv3ORHn6+bdnFc=
-56,-13,5zmH0kpPiZZN1tJ+loMZXq+SwOA=,vRXSjryiDitZZjv3ORHn6+bdnFc=
-54,-12,5zmH0kpPiZZN1tJ+loMZXq+SwOA=,vRXSjryiDitZZjv3ORHn6+bdnFc=
-55,-12,5zmH0kpPiZZN1tJ+loMZXq+SwOA=,vRXSjryiDitZZjv3ORHn6+bdnFc=
-56,-12,5zmH0kpPiZZN1tJ+loMZXq+SwOA=,vRXSjryiDitZZjv3ORHn6+bdnFc=
-54,-13,5zmH0kpPiZZN1tJ+loMZXq+SwOA=,vRXSjryiDitZZjv3ORHn6+bdnFc=
-55,-13,5zmH0kpPiZZN1tJ+loMZXq+SwOA=,vRXSjryiDitZZjv3ORHn6+bdnFc=
-53,-15,5zmH0kpPiZZN1tJ+loMZXq+SwOA=,vRXSjryiDitZZjv3ORHn6+bdnFc=
-52,-16,5zmH0kpPiZZN1tJ+loMZXq+SwOA=,vRXSjryiDitZZjv3ORHn6+bdnFc=
-53,-16,5zmH0kpPiZZN1tJ+loMZXq+SwOA=,vRXSjryiDitZZjv3ORHn6+bdnFc=
-52,-14,5zmH0kpPiZZN1tJ+loMZXq+SwOA=,vRXSjryiDitZZjv3ORHn6+bdnFc=
-53,-14,5zmH0kpPiZZN1tJ+loMZXq+SwOA=,vRXSjryiDitZZjv3ORHn6+bdnFc=
-52,-15,5zmH0kpPiZZN1tJ+loMZXq+SwOA=,vRXSjryiDitZZjv3ORHn6+bdnFc=
-54,-6,5zmH0kpPiZZN1tJ+loMZXq+SwOA=,nJGXt7hPFTvPDDqoGYfSqF6oeI4=
-52,-4,5zmH0kpPiZZN1tJ+loMZXq+SwOA=,nJGXt7hPFTvPDDqoGYfSqF6oeI4=
-56,-8,5zmH0kpPiZZN1tJ+loMZXq+SwOA=,nJGXt7hPFTvPDDqoGYfSqF6oeI4=
-55,-7,5zmH0kpPiZZN1tJ+loMZXq+SwOA=,nJGXt7hPFTvPDDqoGYfSqF6oeI4=
-52,-9,5zmH0kpPiZZN1tJ+loMZXq+SwOA=,vRXSjryiDitZZjv3ORHn6+bdnFc=
-53,-6,5zmH0kpPiZZN1tJ+loMZXq+SwOA=,nJGXt7hPFTvPDDqoGYfSqF6oeI4=
-52,-6,5zmH0kpPiZZN1tJ+loMZXq+SwOA=,nJGXt7hPFTvPDDqoGYfSqF6oeI4=
-53,-4,5zmH0kpPiZZN1tJ+loMZXq+SwOA=,nJGXt7hPFTvPDDqoGYfSqF6oeI4=
-53,-9,5zmH0kpPiZZN1tJ+loMZXq+SwOA=,vRXSjryiDitZZjv3ORHn6+bdnFc=
-54,-4,5zmH0kpPiZZN1tJ+loMZXq+SwOA=,nJGXt7hPFTvPDDqoGYfSqF6oeI4=
-55,-4,5zmH0kpPiZZN1tJ+loMZXq+SwOA=,nJGXt7hPFTvPDDqoGYfSqF6oeI4=
-56,-4,5zmH0kpPiZZN1tJ+loMZXq+SwOA=,nJGXt7hPFTvPDDqoGYfSqF6oeI4=
-52,-1,5zmH0kpPiZZN1tJ+loMZXq+SwOA=,nJGXt7hPFTvPDDqoGYfSqF6oeI4=
-56,-11,5zmH0kpPiZZN1tJ+loMZXq+SwOA=,vRXSjryiDitZZjv3ORHn6+bdnFc=
-52,-11,5zmH0kpPiZZN1tJ+loMZXq+SwOA=,vRXSjryiDitZZjv3ORHn6+bdnFc=
-53,-5,5zmH0kpPiZZN1tJ+loMZXq+SwOA=,nJGXt7hPFTvPDDqoGYfSqF6oeI4=
-55,-11,5zmH0kpPiZZN1tJ+loMZXq+SwOA=,vRXSjryiDitZZjv3ORHn6+bdnFc=
-54,-11,5zmH0kpPiZZN1tJ+loMZXq+SwOA=,vRXSjryiDitZZjv3ORHn6+bdnFc=
-52,-5,5zmH0kpPiZZN1tJ+loMZXq+SwOA=,nJGXt7hPFTvPDDqoGYfSqF6oeI4=
-53,-11,5zmH0kpPiZZN1tJ+loMZXq+SwOA=,vRXSjryiDitZZjv3ORHn6+bdnFc=
-56,-10,5zmH0kpPiZZN1tJ+loMZXq+SwOA=,vRXSjryiDitZZjv3ORHn6+bdnFc=
-55,-8,5zmH0kpPiZZN1tJ+loMZXq+SwOA=,nJGXt7hPFTvPDDqoGYfSqF6oeI4=
-54,-7,5zmH0kpPiZZN1tJ+loMZXq+SwOA=,nJGXt7hPFTvPDDqoGYfSqF6oeI4=
-54,-8,5zmH0kpPiZZN1tJ+loMZXq+SwOA=,nJGXt7hPFTvPDDqoGYfSqF6oeI4=
-53,-8,5zmH0kpPiZZN1tJ+loMZXq+SwOA=,nJGXt7hPFTvPDDqoGYfSqF6oeI4=
-52,-8,5zmH0kpPiZZN1tJ+loMZXq+SwOA=,nJGXt7hPFTvPDDqoGYfSqF6oeI4=
-55,-10,5zmH0kpPiZZN1tJ+loMZXq+SwOA=,vRXSjryiDitZZjv3ORHn6+bdnFc=
-54,-10,5zmH0kpPiZZN1tJ+loMZXq+SwOA=,vRXSjryiDitZZjv3ORHn6+bdnFc=
-53,-10,5zmH0kpPiZZN1tJ+loMZXq+SwOA=,vRXSjryiDitZZjv3ORHn6+bdnFc=
-52,-10,5zmH0kpPiZZN1tJ+loMZXq+SwOA=,vRXSjryiDitZZjv3ORHn6+bdnFc=
-53,-7,5zmH0kpPiZZN1tJ+loMZXq+SwOA=,nJGXt7hPFTvPDDqoGYfSqF6oeI4=
-52,-7,5zmH0kpPiZZN1tJ+loMZXq+SwOA=,nJGXt7hPFTvPDDqoGYfSqF6oeI4=
-56,-7,5zmH0kpPiZZN1tJ+loMZXq+SwOA=,nJGXt7hPFTvPDDqoGYfSqF6oeI4=
-56,-6,5zmH0kpPiZZN1tJ+loMZXq+SwOA=,nJGXt7hPFTvPDDqoGYfSqF6oeI4=
-52,-3,5zmH0kpPiZZN1tJ+loMZXq+SwOA=,nJGXt7hPFTvPDDqoGYfSqF6oeI4=
-53,-3,5zmH0kpPiZZN1tJ+loMZXq+SwOA=,nJGXt7hPFTvPDDqoGYfSqF6oeI4=
-54,-9,5zmH0kpPiZZN1tJ+loMZXq+SwOA=,vRXSjryiDitZZjv3ORHn6+bdnFc=
-55,-9,5zmH0kpPiZZN1tJ+loMZXq+SwOA=,vRXSjryiDitZZjv3ORHn6+bdnFc=
-56,-9,5zmH0kpPiZZN1tJ+loMZXq+SwOA=,vRXSjryiDitZZjv3ORHn6+bdnFc=
-54,-5,5zmH0kpPiZZN1tJ+loMZXq+SwOA=,nJGXt7hPFTvPDDqoGYfSqF6oeI4=
-55,-5,5zmH0kpPiZZN1tJ+loMZXq+SwOA=,nJGXt7hPFTvPDDqoGYfSqF6oeI4=
-56,-5,5zmH0kpPiZZN1tJ+loMZXq+SwOA=,nJGXt7hPFTvPDDqoGYfSqF6oeI4=
-53,-2,5zmH0kpPiZZN1tJ+loMZXq+SwOA=,nJGXt7hPFTvPDDqoGYfSqF6oeI4=
-55,-6,5zmH0kpPiZZN1tJ+loMZXq+SwOA=,nJGXt7hPFTvPDDqoGYfSqF6oeI4=
-53,-1,5zmH0kpPiZZN1tJ+loMZXq+SwOA=,nJGXt7hPFTvPDDqoGYfSqF6oeI4=
-52,-2,5zmH0kpPiZZN1tJ+loMZXq+SwOA=,nJGXt7hPFTvPDDqoGYfSqF6oeI4=
-56,-15,5zmH0kpPiZZN1tJ+loMZXq+SwOA=,vRXSjryiDitZZjv3ORHn6+bdnFc=
-55,-15,5zmH0kpPiZZN1tJ+loMZXq+SwOA=,vRXSjryiDitZZjv3ORHn6+bdnFc=
-54,-16,5zmH0kpPiZZN1tJ+loMZXq+SwOA=,vRXSjryiDitZZjv3ORHn6+bdnFc=
-55,-16,5zmH0kpPiZZN1tJ+loMZXq+SwOA=,vRXSjryiDitZZjv3ORHn6+bdnFc=
-56,-16,5zmH0kpPiZZN1tJ+loMZXq+SwOA=,vRXSjryiDitZZjv3ORHn6+bdnFc=
-54,-14,5zmH0kpPiZZN1tJ+loMZXq+SwOA=,vRXSjryiDitZZjv3ORHn6+bdnFc=
-55,-14,5zmH0kpPiZZN1tJ+loMZXq+SwOA=,vRXSjryiDitZZjv3ORHn6+bdnFc=
-56,-14,5zmH0kpPiZZN1tJ+loMZXq+SwOA=,vRXSjryiDitZZjv3ORHn6+bdnFc=
-54,-15,5zmH0kpPiZZN1tJ+loMZXq+SwOA=,vRXSjryiDitZZjv3ORHn6+bdnFc=
-56,-2,5zmH0kpPiZZN1tJ+loMZXq+SwOA=,nJGXt7hPFTvPDDqoGYfSqF6oeI4=
-54,-2,5zmH0kpPiZZN1tJ+loMZXq+SwOA=,nJGXt7hPFTvPDDqoGYfSqF6oeI4=
-54,-1,5zmH0kpPiZZN1tJ+loMZXq+SwOA=,nJGXt7hPFTvPDDqoGYfSqF6oeI4=
-54,-3,5zmH0kpPiZZN1tJ+loMZXq+SwOA=,nJGXt7hPFTvPDDqoGYfSqF6oeI4=
-55,-2,5zmH0kpPiZZN1tJ+loMZXq+SwOA=,nJGXt7hPFTvPDDqoGYfSqF6oeI4=
-55,-3,5zmH0kpPiZZN1tJ+loMZXq+SwOA=,nJGXt7hPFTvPDDqoGYfSqF6oeI4=
-56,-3,5zmH0kpPiZZN1tJ+loMZXq+SwOA=,nJGXt7hPFTvPDDqoGYfSqF6oeI4=
-55,-1,5zmH0kpPiZZN1tJ+loMZXq+SwOA=,nJGXt7hPFTvPDDqoGYfSqF6oeI4=
-56,-1,5zmH0kpPiZZN1tJ+loMZXq+SwOA=,nJGXt7hPFTvPDDqoGYfSqF6oeI4=
-51,-12,5zmH0kpPiZZN1tJ+loMZXq+SwOA=,vRXSjryiDitZZjv3ORHn6+bdnFc=
-50,-16,5zmH0kpPiZZN1tJ+loMZXq+SwOA=,vRXSjryiDitZZjv3ORHn6+bdnFc=
-50,-13,5zmH0kpPiZZN1tJ+loMZXq+SwOA=,vRXSjryiDitZZjv3ORHn6+bdnFc=
-51,-13,5zmH0kpPiZZN1tJ+loMZXq+SwOA=,vRXSjryiDitZZjv3ORHn6+bdnFc=
-51,-16,5zmH0kpPiZZN1tJ+loMZXq+SwOA=,vRXSjryiDitZZjv3ORHn6+bdnFc=
-50,-14,5zmH0kpPiZZN1tJ+loMZXq+SwOA=,vRXSjryiDitZZjv3ORHn6+bdnFc=
-51,-14,5zmH0kpPiZZN1tJ+loMZXq+SwOA=,vRXSjryiDitZZjv3ORHn6+bdnFc=
-51,-15,5zmH0kpPiZZN1tJ+loMZXq+SwOA=,vRXSjryiDitZZjv3ORHn6+bdnFc=
-50,-15,5zmH0kpPiZZN1tJ+loMZXq+SwOA=,vRXSjryiDitZZjv3ORHn6+bdnFc=
-49,-16,5zmH0kpPiZZN1tJ+loMZXq+SwOA=,vRXSjryiDitZZjv3ORHn6+bdnFc=
-50,-12,5zmH0kpPiZZN1tJ+loMZXq+SwOA=,vRXSjryiDitZZjv3ORHn6+bdnFc=
-49,-13,5zmH0kpPiZZN1tJ+loMZXq+SwOA=,vRXSjryiDitZZjv3ORHn6+bdnFc=
-49,-12,5zmH0kpPiZZN1tJ+loMZXq+SwOA=,vRXSjryiDitZZjv3ORHn6+bdnFc=
-49,-14,5zmH0kpPiZZN1tJ+loMZXq+SwOA=,vRXSjryiDitZZjv3ORHn6+bdnFc=
-49,-15,5zmH0kpPiZZN1tJ+loMZXq+SwOA=,vRXSjryiDitZZjv3ORHn6+bdnFc=
-51,-3,5zmH0kpPiZZN1tJ+loMZXq+SwOA=,nJGXt7hPFTvPDDqoGYfSqF6oeI4=
-51,-7,5zmH0kpPiZZN1tJ+loMZXq+SwOA=,nJGXt7hPFTvPDDqoGYfSqF6oeI4=
-49,-8,5zmH0kpPiZZN1tJ+loMZXq+SwOA=,nJGXt7hPFTvPDDqoGYfSqF6oeI4=
-51,-10,5zmH0kpPiZZN1tJ+loMZXq+SwOA=,vRXSjryiDitZZjv3ORHn6+bdnFc=
-50,-8,5zmH0kpPiZZN1tJ+loMZXq+SwOA=,nJGXt7hPFTvPDDqoGYfSqF6oeI4=
-51,-8,5zmH0kpPiZZN1tJ+loMZXq+SwOA=,nJGXt7hPFTvPDDqoGYfSqF6oeI4=
-50,-10,5zmH0kpPiZZN1tJ+loMZXq+SwOA=,vRXSjryiDitZZjv3ORHn6+bdnFc=
-51,-2,5zmH0kpPiZZN1tJ+loMZXq+SwOA=,nJGXt7hPFTvPDDqoGYfSqF6oeI4=
-51,-5,5zmH0kpPiZZN1tJ+loMZXq+SwOA=,nJGXt7hPFTvPDDqoGYfSqF6oeI4=
-49,-10,5zmH0kpPiZZN1tJ+loMZXq+SwOA=,vRXSjryiDitZZjv3ORHn6+bdnFc=
-50,-7,5zmH0kpPiZZN1tJ+loMZXq+SwOA=,nJGXt7hPFTvPDDqoGYfSqF6oeI4=
-51,-4,5zmH0kpPiZZN1tJ+loMZXq+SwOA=,nJGXt7hPFTvPDDqoGYfSqF6oeI4=
-51,-9,5zmH0kpPiZZN1tJ+loMZXq+SwOA=,vRXSjryiDitZZjv3ORHn6+bdnFc=
-51,-11,5zmH0kpPiZZN1tJ+loMZXq+SwOA=,vRXSjryiDitZZjv3ORHn6+bdnFc=
-51,-1,5zmH0kpPiZZN1tJ+loMZXq+SwOA=,nJGXt7hPFTvPDDqoGYfSqF6oeI4=
-50,-1,5zmH0kpPiZZN1tJ+loMZXq+SwOA=,nJGXt7hPFTvPDDqoGYfSqF6oeI4=
-50,-11,5zmH0kpPiZZN1tJ+loMZXq+SwOA=,vRXSjryiDitZZjv3ORHn6+bdnFc=
-50,-2,5zmH0kpPiZZN1tJ+loMZXq+SwOA=,nJGXt7hPFTvPDDqoGYfSqF6oeI4=
-49,-7,5zmH0kpPiZZN1tJ+loMZXq+SwOA=,nJGXt7hPFTvPDDqoGYfSqF6oeI4=
-49,-9,5zmH0kpPiZZN1tJ+loMZXq+SwOA=,vRXSjryiDitZZjv3ORHn6+bdnFc=
-50,-6,5zmH0kpPiZZN1tJ+loMZXq+SwOA=,nJGXt7hPFTvPDDqoGYfSqF6oeI4=
-51,-6,5zmH0kpPiZZN1tJ+loMZXq+SwOA=,nJGXt7hPFTvPDDqoGYfSqF6oeI4=
-50,-4,5zmH0kpPiZZN1tJ+loMZXq+SwOA=,nJGXt7hPFTvPDDqoGYfSqF6oeI4=
-50,-9,5zmH0kpPiZZN1tJ+loMZXq+SwOA=,vRXSjryiDitZZjv3ORHn6+bdnFc=
-50,-3,5zmH0kpPiZZN1tJ+loMZXq+SwOA=,nJGXt7hPFTvPDDqoGYfSqF6oeI4=
-49,-11,5zmH0kpPiZZN1tJ+loMZXq+SwOA=,vRXSjryiDitZZjv3ORHn6+bdnFc=
-50,-5,5zmH0kpPiZZN1tJ+loMZXq+SwOA=,nJGXt7hPFTvPDDqoGYfSqF6oeI4=
-49,-1,5zmH0kpPiZZN1tJ+loMZXq+SwOA=,nJGXt7hPFTvPDDqoGYfSqF6oeI4=
-49,-4,5zmH0kpPiZZN1tJ+loMZXq+SwOA=,nJGXt7hPFTvPDDqoGYfSqF6oeI4=
-49,-5,5zmH0kpPiZZN1tJ+loMZXq+SwOA=,nJGXt7hPFTvPDDqoGYfSqF6oeI4=
-49,-6,5zmH0kpPiZZN1tJ+loMZXq+SwOA=,nJGXt7hPFTvPDDqoGYfSqF6oeI4=
-49,-2,5zmH0kpPiZZN1tJ+loMZXq+SwOA=,nJGXt7hPFTvPDDqoGYfSqF6oeI4=
-49,-3,5zmH0kpPiZZN1tJ+loMZXq+SwOA=,nJGXt7hPFTvPDDqoGYfSqF6oeI4=
