-88,222,h2qxAHbC5++v6RjEX7ZU63BoKAM=,X9bs/irQDlkOUcOgoRlDna84nfg=
-86,219,h2qxAHbC5++v6RjEX7ZU63BoKAM=,X9bs/irQDlkOUcOgoRlDna84nfg=
-85,220,h2qxAHbC5++v6RjEX7ZU63BoKAM=,X9bs/irQDlkOUcOgoRlDna84nfg=
-87,219,h2qxAHbC5++v6RjEX7ZU63BoKAM=,X9bs/irQDlkOUcOgoRlDna84nfg=
-86,220,h2qxAHbC5++v6RjEX7ZU63BoKAM=,X9bs/irQDlkOUcOgoRlDna84nfg=
-87,220,h2qxAHbC5++v6RjEX7ZU63BoKAM=,X9bs/irQDlkOUcOgoRlDna84nfg=
-88,218,h2qxAHbC5++v6RjEX7ZU63BoKAM=,X9bs/irQDlkOUcOgoRlDna84nfg=
-87,218,h2qxAHbC5++v6RjEX7ZU63BoKAM=,X9bs/irQDlkOUcOgoRlDna84nfg=
-88,220,h2qxAHbC5++v6RjEX7ZU63BoKAM=,X9bs/irQDlkOUcOgoRlDna84nfg=
-88,217,h2qxAHbC5++v6RjEX7ZU63BoKAM=,X9bs/irQDlkOUcOgoRlDna84nfg=
-87,221,h2qxAHbC5++v6RjEX7ZU63BoKAM=,X9bs/irQDlkOUcOgoRlDna84nfg=
-88,221,h2qxAHbC5++v6RjEX7ZU63BoKAM=,X9bs/irQDlkOUcOgoRlDna84nfg=
-88,219,h2qxAHbC5++v6RjEX7ZU63BoKAM=,X9bs/irQDlkOUcOgoRlDna84nfg=
-84,221,h2qxAHbC5++v6RjEX7ZU63BoKAM=,X9bs/irQDlkOUcOgoRlDna84nfg=
-85,221,h2qxAHbC5++v6RjEX7ZU63BoKAM=,X9bs/irQDlkOUcOgoRlDna84nfg=
-84,223,h2qxAHbC5++v6RjEX7ZU63BoKAM=,X9bs/irQDlkOUcOgoRlDna84nfg=
-85,223,h2qxAHbC5++v6RjEX7ZU63BoKAM=,X9bs/irQDlkOUcOgoRlDna84nfg=
-84,216,h2qxAHbC5++v6RjEX7ZU63BoKAM=,X9bs/irQDlkOUcOgoRlDna84nfg=
-85,216,h2qxAHbC5++v6RjEX7ZU63BoKAM=,X9bs/irQDlkOUcOgoRlDna84nfg=
-86,223,h2qxAHbC5++v6RjEX7ZU63BoKAM=,X9bs/irQDlkOUcOgoRlDna84nfg=
-87,223,h2qxAHbC5++v6RjEX7ZU63BoKAM=,X9bs/irQDlkOUcOgoRlDna84nfg=
-86,221,h2qxAHbC5++v6RjEX7ZU63BoKAM=,X9bs/irQDlkOUcOgoRlDna84nfg=
-86,216,h2qxAHbC5++v6RjEX7ZU63BoKAM=,X9bs/irQDlkOUcOgoRlDna84nfg=
-88,223,h2qxAHbC5++v6RjEX7ZU63BoKAM=,X9bs/irQDlkOUcOgoRlDna84nfg=
-88,216,h2qxAHbC5++v6RjEX7ZU63BoKAM=,X9bs/irQDlkOUcOgoRlDna84nfg=
-87,216,h2qxAHbC5++v6RjEX7ZU63BoKAM=,X9bs/irQDlkOUcOgoRlDna84nfg=
-84,217,h2qxAHbC5++v6RjEX7ZU63BoKAM=,X9bs/irQDlkOUcOgoRlDna84nfg=
-84,220,h2qxAHbC5++v6RjEX7ZU63BoKAM=,X9bs/irQDlkOUcOgoRlDna84nfg=
-84,222,h2qxAHbC5++v6RjEX7ZU63BoKAM=,X9bs/irQDlkOUcOgoRlDna84nfg=
-86,217,h2qxAHbC5++v6RjEX7ZU63BoKAM=,X9bs/irQDlkOUcOgoRlDna84nfg=
-85,217,h2qxAHbC5++v6RjEX7ZU63BoKAM=,X9bs/irQDlkOUcOgoRlDna84nfg=
-84,218,h2qxAHbC5++v6RjEX7ZU63BoKAM=,X9bs/irQDlkOUcOgoRlDna84nfg=
-85,222,h2qxAHbC5++v6RjEX7ZU63BoKAM=,X9bs/irQDlkOUcOgoRlDna84nfg=
-86,222,h2qxAHbC5++v6RjEX7ZU63BoKAM=,X9bs/irQDlkOUcOgoRlDna84nfg=
-84,219,h2qxAHbC5++v6RjEX7ZU63BoKAM=,X9bs/irQDlkOUcOgoRlDna84nfg=
-87,217,h2qxAHbC5++v6RjEX7ZU63BoKAM=,X9bs/irQDlkOUcOgoRlDna84nfg=
-85,219,h2qxAHbC5++v6RjEX7ZU63BoKAM=,X9bs/irQDlkOUcOgoRlDna84nfg=
-87,222,h2qxAHbC5++v6RjEX7ZU63BoKAM=,X9bs/irQDlkOUcOgoRlDna84nfg=
-85,218,h2qxAHbC5++v6RjEX7ZU63BoKAM=,X9bs/irQDlkOUcOgoRlDna84nfg=
-86,218,h2qxAHbC5++v6RjEX7ZU63BoKAM=,X9bs/irQDlkOUcOgoRlDna84nfg=
-82,219,h2qxAHbC5++v6RjEX7ZU63BoKAM=,X9bs/irQDlkOUcOgoRlDna84nfg=
-82,221,h2qxAHbC5++v6RjEX7ZU63BoKAM=,X9bs/irQDlkOUcOgoRlDna84nfg=
-82,216,h2qxAHbC5++v6RjEX7ZU63BoKAM=,X9bs/irQDlkOUcOgoRlDna84nfg=
-83,221,h2qxAHbC5++v6RjEX7ZU63BoKAM=,X9bs/irQDlkOUcOgoRlDna84nfg=
-81,219,h2qxAHbC5++v6RjEX7ZU63BoKAM=,X9bs/irQDlkOUcOgoRlDna84nfg=
-83,222,h2qxAHbC5++v6RjEX7ZU63BoKAM=,X9bs/irQDlkOUcOgoRlDna84nfg=
-81,217,h2qxAHbC5++v6RjEX7ZU63BoKAM=,X9bs/irQDlkOUcOgoRlDna84nfg=
-83,219,h2qxAHbC5++v6RjEX7ZU63BoKAM=,X9bs/irQDlkOUcOgoRlDna84nfg=
-83,223,h2qxAHbC5++v6RjEX7ZU63BoKAM=,X9bs/irQDlkOUcOgoRlDna84nfg=
-83,220,h2qxAHbC5++v6RjEX7ZU63BoKAM=,X9bs/irQDlkOUcOgoRlDna84nfg=
-83,216,h2qxAHbC5++v6RjEX7ZU63BoKAM=,X9bs/irQDlkOUcOgoRlDna84nfg=
-82,217,h2qxAHbC5++v6RjEX7ZU63BoKAM=,X9bs/irQDlkOUcOgoRlDna84nfg=
-81,216,h2qxAHbC5++v6RjEX7ZU63BoKAM=,X9bs/irQDlkOUcOgoRlDna84nfg=
-83,218,h2qxAHbC5++v6RjEX7ZU63BoKAM=,X9bs/irQDlkOUcOgoRlDna84nfg=
-82,220,h2qxAHbC5++v6RjEX7ZU63BoKAM=,X9bs/irQDlkOUcOgoRlDna84nfg=
-83,217,h2qxAHbC5++v6RjEX7ZU63BoKAM=,X9bs/irQDlkOUcOgoRlDna84nfg=
-82,218,h2qxAHbC5++v6RjEX7ZU63BoKAM=,X9bs/irQDlkOUcOgoRlDna84nfg=
-81,220,h2qxAHbC5++v6RjEX7ZU63BoKAM=,X9bs/irQDlkOUcOgoRlDna84nfg=
-81,218,h2qxAHbC5++v6RjEX7ZU63BoKAM=,X9bs/irQDlkOUcOgoRlDna84nfg=
-82,222,h2qxAHbC5++v6RjEX7ZU63BoKAM=,X9bs/irQDlkOUcOgoRlDna84nfg=
-82,223,h2qxAHbC5++v6RjEX7ZU63BoKAM=,X9bs/irQDlkOUcOgoRlDna84nfg=
-81,221,h2qxAHbC5++v6RjEX7ZU63BoKAM=,X9bs/irQDlkOUcOgoRlDna84nfg=
-81,223,h2qxAHbC5++v6RjEX7ZU63BoKAM=,X9bs/irQDlkOUcOgoRlDna84nfg=
-81,222,h2qxAHbC5++v6RjEX7ZU63BoKAM=,X9bs/irQDlkOUcOgoRlDna84nfg=
-68,211,Wu89GNEc9/YGgb6CpzI9Ggyuid4=,4RBJjz47367GcJ3Mcbk0p2IlREs=
-67,211,Wu89GNEc9/YGgb6CpzI9Ggyuid4=,4RBJjz47367GcJ3Mcbk0p2IlREs=
-68,215,Wu89GNEc9/YGgb6CpzI9Ggyuid4=,4RBJjz47367GcJ3Mcbk0p2IlREs=
-68,213,Wu89GNEc9/YGgb6CpzI9Ggyuid4=,4RBJjz47367GcJ3Mcbk0p2IlREs=
-67,213,Wu89GNEc9/YGgb6CpzI9Ggyuid4=,4RBJjz47367GcJ3Mcbk0p2IlREs=
-66,213,Wu89GNEc9/YGgb6CpzI9Ggyuid4=,4RBJjz47367GcJ3Mcbk0p2IlREs=
-65,213,Wu89GNEc9/YGgb6CpzI9Ggyuid4=,4RBJjz47367GcJ3Mcbk0p2IlREs=
-67,215,Wu89GNEc9/YGgb6CpzI9Ggyuid4=,4RBJjz47367GcJ3Mcbk0p2IlREs=
-66,215,Wu89GNEc9/YGgb6CpzI9Ggyuid4=,4RBJjz47367GcJ3Mcbk0p2IlREs=
-69,214,Wu89GNEc9/YGgb6CpzI9Ggyuid4=,4RBJjz47367GcJ3Mcbk0p2IlREs=
-68,214,Wu89GNEc9/YGgb6CpzI9Ggyuid4=,4RBJjz47367GcJ3Mcbk0p2IlREs=
-67,214,Wu89GNEc9/YGgb6CpzI9Ggyuid4=,4RBJjz47367GcJ3Mcbk0p2IlREs=
-66,211,Wu89GNEc9/YGgb6CpzI9Ggyuid4=,4RBJjz47367GcJ3Mcbk0p2IlREs=
-66,208,Wu89GNEc9/YGgb6CpzI9Ggyuid4=,4RBJjz47367GcJ3Mcbk0p2IlREs=
-65,211,Wu89GNEc9/YGgb6CpzI9Ggyuid4=,4RBJjz47367GcJ3Mcbk0p2IlREs=
-65,208,Wu89GNEc9/YGgb6CpzI9Ggyuid4=,4RBJjz47367GcJ3Mcbk0p2IlREs=
-69,212,Wu89GNEc9/YGgb6CpzI9Ggyuid4=,4RBJjz47367GcJ3Mcbk0p2IlREs=
-68,212,Wu89GNEc9/YGgb6CpzI9Ggyuid4=,4RBJjz47367GcJ3Mcbk0p2IlREs=
-67,212,Wu89GNEc9/YGgb6CpzI9Ggyuid4=,4RBJjz47367GcJ3Mcbk0p2IlREs=
-67,208,Wu89GNEc9/YGgb6CpzI9Ggyuid4=,4RBJjz47367GcJ3Mcbk0p2IlREs=
-66,214,Wu89GNEc9/YGgb6CpzI9Ggyuid4=,4RBJjz47367GcJ3Mcbk0p2IlREs=
-65,214,Wu89GNEc9/YGgb6CpzI9Ggyuid4=,4RBJjz47367GcJ3Mcbk0p2IlREs=
-67,209,Wu89GNEc9/YGgb6CpzI9Ggyuid4=,4RBJjz47367GcJ3Mcbk0p2IlREs=
-66,209,Wu89GNEc9/YGgb6CpzI9Ggyuid4=,4RBJjz47367GcJ3Mcbk0p2IlREs=
-65,209,Wu89GNEc9/YGgb6CpzI9Ggyuid4=,4RBJjz47367GcJ3Mcbk0p2IlREs=
-66,212,Wu89GNEc9/YGgb6CpzI9Ggyuid4=,4RBJjz47367GcJ3Mcbk0p2IlREs=
-65,212,Wu89GNEc9/YGgb6CpzI9Ggyuid4=,4RBJjz47367GcJ3Mcbk0p2IlREs=
-68,209,Wu89GNEc9/YGgb6CpzI9Ggyuid4=,4RBJjz47367GcJ3Mcbk0p2IlREs=
-67,210,Wu89GNEc9/YGgb6CpzI9Ggyuid4=,4RBJjz47367GcJ3Mcbk0p2IlREs=
-68,210,Wu89GNEc9/YGgb6CpzI9Ggyuid4=,4RBJjz47367GcJ3Mcbk0p2IlREs=
-69,213,Wu89GNEc9/YGgb6CpzI9Ggyuid4=,4RBJjz47367GcJ3Mcbk0p2IlREs=
-66,210,Wu89GNEc9/YGgb6CpzI9Ggyuid4=,4RBJjz47367GcJ3Mcbk0p2IlREs=
-65,210,Wu89GNEc9/YGgb6CpzI9Ggyuid4=,4RBJjz47367GcJ3Mcbk0p2IlREs=
-69,215,Wu89GNEc9/YGgb6CpzI9Ggyuid4=,4RBJjz47367GcJ3Mcbk0p2IlREs=
-65,215,Wu89GNEc9/YGgb6CpzI9Ggyuid4=,4RBJjz47367GcJ3Mcbk0p2IlREs=
-80,208,Wu89GNEc9/YGgb6CpzI9Ggyuid4=,7XQJDqU1fPiZWDVmYUqCD8orENI=
-79,208,Wu89GNEc9/YGgb6CpzI9Ggyuid4=,7XQJDqU1fPiZWDVmYUqCD8orENI=
-78,208,Wu89GNEc9/YGgb6CpzI9Ggyuid4=,7XQJDqU1fPiZWDVmYUqCD8orENI=
-78,209,Wu89GNEc9/YGgb6CpzI9Ggyuid4=,7XQJDqU1fPiZWDVmYUqCD8orENI=
-79,209,Wu89GNEc9/YGgb6CpzI9Ggyuid4=,7XQJDqU1fPiZWDVmYUqCD8orENI=
-78,212,Wu89GNEc9/YGgb6CpzI9Ggyuid4=,7XQJDqU1fPiZWDVmYUqCD8orENI=
-79,212,Wu89GNEc9/YGgb6CpzI9Ggyuid4=,7XQJDqU1fPiZWDVmYUqCD8orENI=
-77,212,Wu89GNEc9/YGgb6CpzI9Ggyuid4=,7XQJDqU1fPiZWDVmYUqCD8orENI=
-69,211,Wu89GNEc9/YGgb6CpzI9Ggyuid4=,4RBJjz47367GcJ3Mcbk0p2IlREs=
-77,209,Wu89GNEc9/YGgb6CpzI9Ggyuid4=,7XQJDqU1fPiZWDVmYUqCD8orENI=
-76,209,Wu89GNEc9/YGgb6CpzI9Ggyuid4=,7XQJDqU1fPiZWDVmYUqCD8orENI=
-75,209,Wu89GNEc9/YGgb6CpzI9Ggyuid4=,7XQJDqU1fPiZWDVmYUqCD8orENI=
-69,210,Wu89GNEc9/YGgb6CpzI9Ggyuid4=,4RBJjz47367GcJ3Mcbk0p2IlREs=
-80,212,Wu89GNEc9/YGgb6CpzI9Ggyuid4=,7XQJDqU1fPiZWDVmYUqCD8orENI=
-80,211,Wu89GNEc9/YGgb6CpzI9Ggyuid4=,7XQJDqU1fPiZWDVmYUqCD8orENI=
-76,212,Wu89GNEc9/YGgb6CpzI9Ggyuid4=,7XQJDqU1fPiZWDVmYUqCD8orENI=
-69,209,Wu89GNEc9/YGgb6CpzI9Ggyuid4=,4RBJjz47367GcJ3Mcbk0p2IlREs=
-70,211,Wu89GNEc9/YGgb6CpzI9Ggyuid4=,4RBJjz47367GcJ3Mcbk0p2IlREs=
-73,210,Wu89GNEc9/YGgb6CpzI9Ggyuid4=,7XQJDqU1fPiZWDVmYUqCD8orENI=
-80,209,Wu89GNEc9/YGgb6CpzI9Ggyuid4=,7XQJDqU1fPiZWDVmYUqCD8orENI=
-74,210,Wu89GNEc9/YGgb6CpzI9Ggyuid4=,7XQJDqU1fPiZWDVmYUqCD8orENI=
-68,208,Wu89GNEc9/YGgb6CpzI9Ggyuid4=,4RBJjz47367GcJ3Mcbk0p2IlREs=
-71,211,Wu89GNEc9/YGgb6CpzI9Ggyuid4=,4RBJjz47367GcJ3Mcbk0p2IlREs=
-75,212,Wu89GNEc9/YGgb6CpzI9Ggyuid4=,7XQJDqU1fPiZWDVmYUqCD8orENI=
-79,211,Wu89GNEc9/YGgb6CpzI9Ggyuid4=,7XQJDqU1fPiZWDVmYUqCD8orENI=
-75,210,Wu89GNEc9/YGgb6CpzI9Ggyuid4=,7XQJDqU1fPiZWDVmYUqCD8orENI=
-72,211,Wu89GNEc9/YGgb6CpzI9Ggyuid4=,4RBJjz47367GcJ3Mcbk0p2IlREs=
-73,211,Wu89GNEc9/YGgb6CpzI9Ggyuid4=,7XQJDqU1fPiZWDVmYUqCD8orENI=
-69,208,Wu89GNEc9/YGgb6CpzI9Ggyuid4=,4RBJjz47367GcJ3Mcbk0p2IlREs=
-76,210,Wu89GNEc9/YGgb6CpzI9Ggyuid4=,7XQJDqU1fPiZWDVmYUqCD8orENI=
-72,210,Wu89GNEc9/YGgb6CpzI9Ggyuid4=,4RBJjz47367GcJ3Mcbk0p2IlREs=
-74,212,Wu89GNEc9/YGgb6CpzI9Ggyuid4=,7XQJDqU1fPiZWDVmYUqCD8orENI=
-73,208,Wu89GNEc9/YGgb6CpzI9Ggyuid4=,7XQJDqU1fPiZWDVmYUqCD8orENI=
-74,209,Wu89GNEc9/YGgb6CpzI9Ggyuid4=,7XQJDqU1fPiZWDVmYUqCD8orENI=
-77,208,Wu89GNEc9/YGgb6CpzI9Ggyuid4=,7XQJDqU1fPiZWDVmYUqCD8orENI=
-78,211,Wu89GNEc9/YGgb6CpzI9Ggyuid4=,7XQJDqU1fPiZWDVmYUqCD8orENI=
-73,209,Wu89GNEc9/YGgb6CpzI9Ggyuid4=,7XQJDqU1fPiZWDVmYUqCD8orENI=
-76,208,Wu89GNEc9/YGgb6CpzI9Ggyuid4=,7XQJDqU1fPiZWDVmYUqCD8orENI=
-77,211,Wu89GNEc9/YGgb6CpzI9Ggyuid4=,7XQJDqU1fPiZWDVmYUqCD8orENI=
-75,208,Wu89GNEc9/YGgb6CpzI9Ggyuid4=,7XQJDqU1fPiZWDVmYUqCD8orENI=
-71,209,Wu89GNEc9/YGgb6CpzI9Ggyuid4=,4RBJjz47367GcJ3Mcbk0p2IlREs=
-71,210,Wu89GNEc9/YGgb6CpzI9Ggyuid4=,4RBJjz47367GcJ3Mcbk0p2IlREs=
-70,212,Wu89GNEc9/YGgb6CpzI9Ggyuid4=,4RBJjz47367GcJ3Mcbk0p2IlREs=
-70,210,Wu89GNEc9/YGgb6CpzI9Ggyuid4=,4RBJjz47367GcJ3Mcbk0p2IlREs=
-70,209,Wu89GNEc9/YGgb6CpzI9Ggyuid4=,4RBJjz47367GcJ3Mcbk0p2IlREs=
-72,209,Wu89GNEc9/YGgb6CpzI9Ggyuid4=,4RBJjz47367GcJ3Mcbk0p2IlREs=
-77,210,Wu89GNEc9/YGgb6CpzI9Ggyuid4=,7XQJDqU1fPiZWDVmYUqCD8orENI=
-71,212,Wu89GNEc9/YGgb6CpzI9Ggyuid4=,4RBJjz47367GcJ3Mcbk0p2IlREs=
-78,210,Wu89GNEc9/YGgb6CpzI9Ggyuid4=,7XQJDqU1fPiZWDVmYUqCD8orENI=
-73,212,Wu89GNEc9/YGgb6CpzI9Ggyuid4=,7XQJDqU1fPiZWDVmYUqCD8orENI=
-74,208,Wu89GNEc9/YGgb6CpzI9Ggyuid4=,7XQJDqU1fPiZWDVmYUqCD8orENI=
-76,211,Wu89GNEc9/YGgb6CpzI9Ggyuid4=,7XQJDqU1fPiZWDVmYUqCD8orENI=
-80,210,Wu89GNEc9/YGgb6CpzI9Ggyuid4=,7XQJDqU1fPiZWDVmYUqCD8orENI=
-72,208,Wu89GNEc9/YGgb6CpzI9Ggyuid4=,4RBJjz47367GcJ3Mcbk0p2IlREs=
-74,211,Wu89GNEc9/YGgb6CpzI9Ggyuid4=,7XQJDqU1fPiZWDVmYUqCD8orENI=
-75,211,Wu89GNEc9/YGgb6CpzI9Ggyuid4=,7XQJDqU1fPiZWDVmYUqCD8orENI=
-79,210,Wu89GNEc9/YGgb6CpzI9Ggyuid4=,7XQJDqU1fPiZWDVmYUqCD8orENI=
-71,208,Wu89GNEc9/YGgb6CpzI9Ggyuid4=,4RBJjz47367GcJ3Mcbk0p2IlREs=
-72,212,Wu89GNEc9/YGgb6CpzI9Ggyuid4=,4RBJjz47367GcJ3Mcbk0p2IlREs=
-70,208,Wu89GNEc9/YGgb6CpzI9Ggyuid4=,4RBJjz47367GcJ3Mcbk0p2IlREs=
-75,220,Wu89GNEc9/YGgb6CpzI9Ggyuid4=,9hLM8NhIqtjABSH/j/Q9HYFMuAs=
-70,215,Wu89GNEc9/YGgb6CpzI9Ggyuid4=,4RBJjz47367GcJ3Mcbk0p2IlREs=
-70,213,Wu89GNEc9/YGgb6CpzI9Ggyuid4=,4RBJjz47367GcJ3Mcbk0p2IlREs=
-71,215,Wu89GNEc9/YGgb6CpzI9Ggyuid4=,4RBJjz47367GcJ3Mcbk0p2IlREs=
-80,215,Wu89GNEc9/YGgb6CpzI9Ggyuid4=,7XQJDqU1fPiZWDVmYUqCD8orENI=
-75,222,Wu89GNEc9/YGgb6CpzI9Ggyuid4=,9hLM8NhIqtjABSH/j/Q9HYFMuAs=
-74,217,Wu89GNEc9/YGgb6CpzI9Ggyuid4=,9hLM8NhIqtjABSH/j/Q9HYFMuAs=
-73,217,Wu89GNEc9/YGgb6CpzI9Ggyuid4=,9hLM8NhIqtjABSH/j/Q9HYFMuAs=
-72,215,Wu89GNEc9/YGgb6CpzI9Ggyuid4=,4RBJjz47367GcJ3Mcbk0p2IlREs=
-71,213,Wu89GNEc9/YGgb6CpzI9Ggyuid4=,4RBJjz47367GcJ3Mcbk0p2IlREs=
-78,222,Wu89GNEc9/YGgb6CpzI9Ggyuid4=,9hLM8NhIqtjABSH/j/Q9HYFMuAs=
-80,218,Wu89GNEc9/YGgb6CpzI9Ggyuid4=,9hLM8NhIqtjABSH/j/Q9HYFMuAs=
-79,215,Wu89GNEc9/YGgb6CpzI9Ggyuid4=,7XQJDqU1fPiZWDVmYUqCD8orENI=
-77,217,Wu89GNEc9/YGgb6CpzI9Ggyuid4=,9hLM8NhIqtjABSH/j/Q9HYFMuAs=
-74,222,Wu89GNEc9/YGgb6CpzI9Ggyuid4=,9hLM8NhIqtjABSH/j/Q9HYFMuAs=
-73,222,Wu89GNEc9/YGgb6CpzI9Ggyuid4=,9hLM8NhIqtjABSH/j/Q9HYFMuAs=
-79,222,Wu89GNEc9/YGgb6CpzI9Ggyuid4=,9hLM8NhIqtjABSH/j/Q9HYFMuAs=
-79,218,Wu89GNEc9/YGgb6CpzI9Ggyuid4=,9hLM8NhIqtjABSH/j/Q9HYFMuAs=
-73,218,Wu89GNEc9/YGgb6CpzI9Ggyuid4=,9hLM8NhIqtjABSH/j/Q9HYFMuAs=
-73,223,Wu89GNEc9/YGgb6CpzI9Ggyuid4=,9hLM8NhIqtjABSH/j/Q9HYFMuAs=
-76,222,Wu89GNEc9/YGgb6CpzI9Ggyuid4=,9hLM8NhIqtjABSH/j/Q9HYFMuAs=
-80,217,Wu89GNEc9/YGgb6CpzI9Ggyuid4=,9hLM8NhIqtjABSH/j/Q9HYFMuAs=
-75,214,Wu89GNEc9/YGgb6CpzI9Ggyuid4=,7XQJDqU1fPiZWDVmYUqCD8orENI=
-73,216,Wu89GNEc9/YGgb6CpzI9Ggyuid4=,9hLM8NhIqtjABSH/j/Q9HYFMuAs=
-80,222,Wu89GNEc9/YGgb6CpzI9Ggyuid4=,9hLM8NhIqtjABSH/j/Q9HYFMuAs=
-79,217,Wu89GNEc9/YGgb6CpzI9Ggyuid4=,9hLM8NhIqtjABSH/j/Q9HYFMuAs=
-79,214,Wu89GNEc9/YGgb6CpzI9Ggyuid4=,7XQJDqU1fPiZWDVmYUqCD8orENI=
-78,220,Wu89GNEc9/YGgb6CpzI9Ggyuid4=,9hLM8NhIqtjABSH/j/Q9HYFMuAs=
-78,217,Wu89GNEc9/YGgb6CpzI9Ggyuid4=,9hLM8NhIqtjABSH/j/Q9HYFMuAs=
-78,214,Wu89GNEc9/YGgb6CpzI9Ggyuid4=,7XQJDqU1fPiZWDVmYUqCD8orENI=
-80,214,Wu89GNEc9/YGgb6CpzI9Ggyuid4=,7XQJDqU1fPiZWDVmYUqCD8orENI=
-72,213,Wu89GNEc9/YGgb6CpzI9Ggyuid4=,4RBJjz47367GcJ3Mcbk0p2IlREs=
-74,216,Wu89GNEc9/YGgb6CpzI9Ggyuid4=,9hLM8NhIqtjABSH/j/Q9HYFMuAs=
-77,216,Wu89GNEc9/YGgb6CpzI9Ggyuid4=,9hLM8NhIqtjABSH/j/Q9HYFMuAs=
-78,215,Wu89GNEc9/YGgb6CpzI9Ggyuid4=,7XQJDqU1fPiZWDVmYUqCD8orENI=
-74,218,Wu89GNEc9/YGgb6CpzI9Ggyuid4=,9hLM8NhIqtjABSH/j/Q9HYFMuAs=
-76,214,Wu89GNEc9/YGgb6CpzI9Ggyuid4=,7XQJDqU1fPiZWDVmYUqCD8orENI=
-75,217,Wu89GNEc9/YGgb6CpzI9Ggyuid4=,9hLM8NhIqtjABSH/j/Q9HYFMuAs=
-76,217,Wu89GNEc9/YGgb6CpzI9Ggyuid4=,9hLM8NhIqtjABSH/j/Q9HYFMuAs=
-73,214,Wu89GNEc9/YGgb6CpzI9Ggyuid4=,7XQJDqU1fPiZWDVmYUqCD8orENI=
-73,221,Wu89GNEc9/YGgb6CpzI9Ggyuid4=,9hLM8NhIqtjABSH/j/Q9HYFMuAs=
-74,221,Wu89GNEc9/YGgb6CpzI9Ggyuid4=,9hLM8NhIqtjABSH/j/Q9HYFMuAs=
-76,220,Wu89GNEc9/YGgb6CpzI9Ggyuid4=,9hLM8NhIqtjABSH/j/Q9HYFMuAs=
-73,219,Wu89GNEc9/YGgb6CpzI9Ggyuid4=,9hLM8NhIqtjABSH/j/Q9HYFMuAs=
-74,220,Wu89GNEc9/YGgb6CpzI9Ggyuid4=,9hLM8NhIqtjABSH/j/Q9HYFMuAs=
-73,220,Wu89GNEc9/YGgb6CpzI9Ggyuid4=,9hLM8NhIqtjABSH/j/Q9HYFMuAs=
-77,215,Wu89GNEc9/YGgb6CpzI9Ggyuid4=,7XQJDqU1fPiZWDVmYUqCD8orENI=
-72,214,Wu89GNEc9/YGgb6CpzI9Ggyuid4=,4RBJjz47367GcJ3Mcbk0p2IlREs=
-71,214,Wu89GNEc9/YGgb6CpzI9Ggyuid4=,4RBJjz47367GcJ3Mcbk0p2IlREs=
-79,220,Wu89GNEc9/YGgb6CpzI9Ggyuid4=,9hLM8NhIqtjABSH/j/Q9HYFMuAs=
-74,223,Wu89GNEc9/YGgb6CpzI9Ggyuid4=,9hLM8NhIqtjABSH/j/Q9HYFMuAs=
-75,223,Wu89GNEc9/YGgb6CpzI9Ggyuid4=,9hLM8NhIqtjABSH/j/Q9HYFMuAs=
-77,214,Wu89GNEc9/YGgb6CpzI9Ggyuid4=,7XQJDqU1fPiZWDVmYUqCD8orENI=
-78,213,Wu89GNEc9/YGgb6CpzI9Ggyuid4=,7XQJDqU1fPiZWDVmYUqCD8orENI=
-75,221,Wu89GNEc9/YGgb6CpzI9Ggyuid4=,9hLM8NhIqtjABSH/j/Q9HYFMuAs=
-77,213,Wu89GNEc9/YGgb6CpzI9Ggyuid4=,7XQJDqU1fPiZWDVmYUqCD8orENI=
-80,223,Wu89GNEc9/YGgb6CpzI9Ggyuid4=,9hLM8NhIqtjABSH/j/Q9HYFMuAs=
-80,220,Wu89GNEc9/YGgb6CpzI9Ggyuid4=,9hLM8NhIqtjABSH/j/Q9HYFMuAs=
-70,214,Wu89GNEc9/YGgb6CpzI9Ggyuid4=,4RBJjz47367GcJ3Mcbk0p2IlREs=
-74,219,Wu89GNEc9/YGgb6CpzI9Ggyuid4=,9hLM8NhIqtjABSH/j/Q9HYFMuAs=
-79,223,Wu89GNEc9/YGgb6CpzI9Ggyuid4=,9hLM8NhIqtjABSH/j/Q9HYFMuAs=
-75,219,Wu89GNEc9/YGgb6CpzI9Ggyuid4=,9hLM8NhIqtjABSH/j/Q9HYFMuAs=
-80,216,Wu89GNEc9/YGgb6CpzI9Ggyuid4=,9hLM8NhIqtjABSH/j/Q9HYFMuAs=
-79,213,Wu89GNEc9/YGgb6CpzI9Ggyuid4=,7XQJDqU1fPiZWDVmYUqCD8orENI=
-80,213,Wu89GNEc9/YGgb6CpzI9Ggyuid4=,7XQJDqU1fPiZWDVmYUqCD8orENI=
-79,216,Wu89GNEc9/YGgb6CpzI9Ggyuid4=,9hLM8NhIqtjABSH/j/Q9HYFMuAs=
-76,216,Wu89GNEc9/YGgb6CpzI9Ggyuid4=,9hLM8NhIqtjABSH/j/Q9HYFMuAs=
-78,221,Wu89GNEc9/YGgb6CpzI9Ggyuid4=,9hLM8NhIqtjABSH/j/Q9HYFMuAs=
-80,219,Wu89GNEc9/YGgb6CpzI9Ggyuid4=,9hLM8NhIqtjABSH/j/Q9HYFMuAs=
-77,222,Wu89GNEc9/YGgb6CpzI9Ggyuid4=,9hLM8NhIqtjABSH/j/Q9HYFMuAs=
-75,218,Wu89GNEc9/YGgb6CpzI9Ggyuid4=,9hLM8NhIqtjABSH/j/Q9HYFMuAs=
-76,223,Wu89GNEc9/YGgb6CpzI9Ggyuid4=,9hLM8NhIqtjABSH/j/Q9HYFMuAs=
-76,213,Wu89GNEc9/YGgb6CpzI9Ggyuid4=,7XQJDqU1fPiZWDVmYUqCD8orENI=
-77,220,Wu89GNEc9/YGgb6CpzI9Ggyuid4=,9hLM8NhIqtjABSH/j/Q9HYFMuAs=
-79,221,Wu89GNEc9/YGgb6CpzI9Ggyuid4=,9hLM8NhIqtjABSH/j/Q9HYFMuAs=
-74,213,Wu89GNEc9/YGgb6CpzI9Ggyuid4=,7XQJDqU1fPiZWDVmYUqCD8orENI=
-75,213,Wu89GNEc9/YGgb6CpzI9Ggyuid4=,7XQJDqU1fPiZWDVmYUqCD8orENI=
-76,221,Wu89GNEc9/YGgb6CpzI9Ggyuid4=,9hLM8NhIqtjABSH/j/Q9HYFMuAs=
-78,216,Wu89GNEc9/YGgb6CpzI9Ggyuid4=,9hLM8NhIqtjABSH/j/Q9HYFMuAs=
-78,218,Wu89GNEc9/YGgb6CpzI9Ggyuid4=,9hLM8NhIqtjABSH/j/Q9HYFMuAs=
-78,219,Wu89GNEc9/YGgb6CpzI9Ggyuid4=,9hLM8NhIqtjABSH/j/Q9HYFMuAs=
-75,216,Wu89GNEc9/YGgb6CpzI9Ggyuid4=,9hLM8NhIqtjABSH/j/Q9HYFMuAs=
-73,213,Wu89GNEc9/YGgb6CpzI9Ggyuid4=,7XQJDqU1fPiZWDVmYUqCD8orENI=
-79,219,Wu89GNEc9/YGgb6CpzI9Ggyuid4=,9hLM8NhIqtjABSH/j/Q9HYFMuAs=
-77,218,Wu89GNEc9/YGgb6CpzI9Ggyuid4=,9hLM8NhIqtjABSH/j/Q9HYFMuAs=
-76,215,Wu89GNEc9/YGgb6CpzI9Ggyuid4=,7XQJDqU1fPiZWDVmYUqCD8orENI=
-74,214,Wu89GNEc9/YGgb6CpzI9Ggyuid4=,7XQJDqU1fPiZWDVmYUqCD8orENI=
-76,218,Wu89GNEc9/YGgb6CpzI9Ggyuid4=,9hLM8NhIqtjABSH/j/Q9HYFMuAs=
-77,221,Wu89GNEc9/YGgb6CpzI9Ggyuid4=,9hLM8NhIqtjABSH/j/Q9HYFMuAs=
-80,221,Wu89GNEc9/YGgb6CpzI9Ggyuid4=,9hLM8NhIqtjABSH/j/Q9HYFMuAs=
-73,215,Wu89GNEc9/YGgb6CpzI9Ggyuid4=,7XQJDqU1fPiZWDVmYUqCD8orENI=
-78,223,Wu89GNEc9/YGgb6CpzI9Ggyuid4=,9hLM8NhIqtjABSH/j/Q9HYFMuAs=
-77,219,Wu89GNEc9/YGgb6CpzI9Ggyuid4=,9hLM8NhIqtjABSH/j/Q9HYFMuAs=
-77,223,Wu89GNEc9/YGgb6CpzI9Ggyuid4=,9hLM8NhIqtjABSH/j/Q9HYFMuAs=
-76,219,Wu89GNEc9/YGgb6CpzI9Ggyuid4=,9hLM8NhIqtjABSH/j/Q9HYFMuAs=
-75,215,Wu89GNEc9/YGgb6CpzI9Ggyuid4=,7XQJDqU1fPiZWDVmYUqCD8orENI=
-74,215,Wu89GNEc9/YGgb6CpzI9Ggyuid4=,7XQJDqU1fPiZWDVmYUqCD8orENI=
-71,203,UN9+cQzYupMaY4Kd61jo70ELGsk=,OP0CTl5OOSGIXq+ZkRBsvtdM39Y=
-70,204,UN9+cQzYupMaY4Kd61jo70ELGsk=,OP0CTl5OOSGIXq+ZkRBsvtdM39Y=
-65,200,UN9+cQzYupMaY4Kd61jo70ELGsk=,OP0CTl5OOSGIXq+ZkRBsvtdM39Y=
-72,202,UN9+cQzYupMaY4Kd61jo70ELGsk=,OP0CTl5OOSGIXq+ZkRBsvtdM39Y=
-72,201,UN9+cQzYupMaY4Kd61jo70ELGsk=,OP0CTl5OOSGIXq+ZkRBsvtdM39Y=
-72,203,UN9+cQzYupMaY4Kd61jo70ELGsk=,OP0CTl5OOSGIXq+ZkRBsvtdM39Y=
-71,202,UN9+cQzYupMaY4Kd61jo70ELGsk=,OP0CTl5OOSGIXq+ZkRBsvtdM39Y=
-66,201,UN9+cQzYupMaY4Kd61jo70ELGsk=,OP0CTl5OOSGIXq+ZkRBsvtdM39Y=
-70,205,UN9+cQzYupMaY4Kd61jo70ELGsk=,OP0CTl5OOSGIXq+ZkRBsvtdM39Y=
-67,201,UN9+cQzYupMaY4Kd61jo70ELGsk=,OP0CTl5OOSGIXq+ZkRBsvtdM39Y=
-65,201,UN9+cQzYupMaY4Kd61jo70ELGsk=,OP0CTl5OOSGIXq+ZkRBsvtdM39Y=
-68,201,UN9+cQzYupMaY4Kd61jo70ELGsk=,OP0CTl5OOSGIXq+ZkRBsvtdM39Y=
-71,204,UN9+cQzYupMaY4Kd61jo70ELGsk=,OP0CTl5OOSGIXq+ZkRBsvtdM39Y=
-67,200,UN9+cQzYupMaY4Kd61jo70ELGsk=,OP0CTl5OOSGIXq+ZkRBsvtdM39Y=
-66,200,UN9+cQzYupMaY4Kd61jo70ELGsk=,OP0CTl5OOSGIXq+ZkRBsvtdM39Y=
-69,203,UN9+cQzYupMaY4Kd61jo70ELGsk=,OP0CTl5OOSGIXq+ZkRBsvtdM39Y=
-68,200,UN9+cQzYupMaY4Kd61jo70ELGsk=,OP0CTl5OOSGIXq+ZkRBsvtdM39Y=
-69,200,UN9+cQzYupMaY4Kd61jo70ELGsk=,OP0CTl5OOSGIXq+ZkRBsvtdM39Y=
-68,203,UN9+cQzYupMaY4Kd61jo70ELGsk=,OP0CTl5OOSGIXq+ZkRBsvtdM39Y=
-66,202,UN9+cQzYupMaY4Kd61jo70ELGsk=,OP0CTl5OOSGIXq+ZkRBsvtdM39Y=
-67,203,UN9+cQzYupMaY4Kd61jo70ELGsk=,OP0CTl5OOSGIXq+ZkRBsvtdM39Y=
-69,204,UN9+cQzYupMaY4Kd61jo70ELGsk=,OP0CTl5OOSGIXq+ZkRBsvtdM39Y=
-71,205,UN9+cQzYupMaY4Kd61jo70ELGsk=,OP0CTl5OOSGIXq+ZkRBsvtdM39Y=
-65,207,UN9+cQzYupMaY4Kd61jo70ELGsk=,OP0CTl5OOSGIXq+ZkRBsvtdM39Y=
-72,205,UN9+cQzYupMaY4Kd61jo70ELGsk=,OP0CTl5OOSGIXq+ZkRBsvtdM39Y=
-69,205,UN9+cQzYupMaY4Kd61jo70ELGsk=,OP0CTl5OOSGIXq+ZkRBsvtdM39Y=
-71,201,UN9+cQzYupMaY4Kd61jo70ELGsk=,OP0CTl5OOSGIXq+ZkRBsvtdM39Y=
-70,203,UN9+cQzYupMaY4Kd61jo70ELGsk=,OP0CTl5OOSGIXq+ZkRBsvtdM39Y=
-70,201,UN9+cQzYupMaY4Kd61jo70ELGsk=,OP0CTl5OOSGIXq+ZkRBsvtdM39Y=
-67,202,UN9+cQzYupMaY4Kd61jo70ELGsk=,OP0CTl5OOSGIXq+ZkRBsvtdM39Y=
-69,206,UN9+cQzYupMaY4Kd61jo70ELGsk=,OP0CTl5OOSGIXq+ZkRBsvtdM39Y=
-69,202,UN9+cQzYupMaY4Kd61jo70ELGsk=,OP0CTl5OOSGIXq+ZkRBsvtdM39Y=
-68,202,UN9+cQzYupMaY4Kd61jo70ELGsk=,OP0CTl5OOSGIXq+ZkRBsvtdM39Y=
-70,206,UN9+cQzYupMaY4Kd61jo70ELGsk=,OP0CTl5OOSGIXq+ZkRBsvtdM39Y=
-72,204,UN9+cQzYupMaY4Kd61jo70ELGsk=,OP0CTl5OOSGIXq+ZkRBsvtdM39Y=
-70,207,UN9+cQzYupMaY4Kd61jo70ELGsk=,OP0CTl5OOSGIXq+ZkRBsvtdM39Y=
-71,207,UN9+cQzYupMaY4Kd61jo70ELGsk=,OP0CTl5OOSGIXq+ZkRBsvtdM39Y=
-72,207,UN9+cQzYupMaY4Kd61jo70ELGsk=,OP0CTl5OOSGIXq+ZkRBsvtdM39Y=
-69,201,UN9+cQzYupMaY4Kd61jo70ELGsk=,OP0CTl5OOSGIXq+ZkRBsvtdM39Y=
-70,202,UN9+cQzYupMaY4Kd61jo70ELGsk=,OP0CTl5OOSGIXq+ZkRBsvtdM39Y=
-68,205,UN9+cQzYupMaY4Kd61jo70ELGsk=,OP0CTl5OOSGIXq+ZkRBsvtdM39Y=
-67,204,UN9+cQzYupMaY4Kd61jo70ELGsk=,OP0CTl5OOSGIXq+ZkRBsvtdM39Y=
-67,205,UN9+cQzYupMaY4Kd61jo70ELGsk=,OP0CTl5OOSGIXq+ZkRBsvtdM39Y=
-70,200,UN9+cQzYupMaY4Kd61jo70ELGsk=,OP0CTl5OOSGIXq+ZkRBsvtdM39Y=
-71,200,UN9+cQzYupMaY4Kd61jo70ELGsk=,OP0CTl5OOSGIXq+ZkRBsvtdM39Y=
-72,200,UN9+cQzYupMaY4Kd61jo70ELGsk=,OP0CTl5OOSGIXq+ZkRBsvtdM39Y=
-68,204,UN9+cQzYupMaY4Kd61jo70ELGsk=,OP0CTl5OOSGIXq+ZkRBsvtdM39Y=
-71,206,UN9+cQzYupMaY4Kd61jo70ELGsk=,OP0CTl5OOSGIXq+ZkRBsvtdM39Y=
-72,206,UN9+cQzYupMaY4Kd61jo70ELGsk=,OP0CTl5OOSGIXq+ZkRBsvtdM39Y=
-65,202,UN9+cQzYupMaY4Kd61jo70ELGsk=,OP0CTl5OOSGIXq+ZkRBsvtdM39Y=
-66,203,UN9+cQzYupMaY4Kd61jo70ELGsk=,OP0CTl5OOSGIXq+ZkRBsvtdM39Y=
-65,206,UN9+cQzYupMaY4Kd61jo70ELGsk=,OP0CTl5OOSGIXq+ZkRBsvtdM39Y=
-68,206,UN9+cQzYupMaY4Kd61jo70ELGsk=,OP0CTl5OOSGIXq+ZkRBsvtdM39Y=
-66,207,UN9+cQzYupMaY4Kd61jo70ELGsk=,OP0CTl5OOSGIXq+ZkRBsvtdM39Y=
-67,207,UN9+cQzYupMaY4Kd61jo70ELGsk=,OP0CTl5OOSGIXq+ZkRBsvtdM39Y=
-66,204,UN9+cQzYupMaY4Kd61jo70ELGsk=,OP0CTl5OOSGIXq+ZkRBsvtdM39Y=
-69,207,UN9+cQzYupMaY4Kd61jo70ELGsk=,OP0CTl5OOSGIXq+ZkRBsvtdM39Y=
-66,205,UN9+cQzYupMaY4Kd61jo70ELGsk=,OP0CTl5OOSGIXq+ZkRBsvtdM39Y=
-65,205,UN9+cQzYupMaY4Kd61jo70ELGsk=,OP0CTl5OOSGIXq+ZkRBsvtdM39Y=
-68,207,UN9+cQzYupMaY4Kd61jo70ELGsk=,OP0CTl5OOSGIXq+ZkRBsvtdM39Y=
-65,204,UN9+cQzYupMaY4Kd61jo70ELGsk=,OP0CTl5OOSGIXq+ZkRBsvtdM39Y=
-67,206,UN9+cQzYupMaY4Kd61jo70ELGsk=,OP0CTl5OOSGIXq+ZkRBsvtdM39Y=
-65,203,UN9+cQzYupMaY4Kd61jo70ELGsk=,OP0CTl5OOSGIXq+ZkRBsvtdM39Y=
-66,206,UN9+cQzYupMaY4Kd61jo70ELGsk=,OP0CTl5OOSGIXq+ZkRBsvtdM39Y=
