2,-317,S7BWWlmk8wn9Bnv6l6zgC+3kkOk=,cSK4uYc7jxfuM0d0s3Ij5VVGJfo=
2,-316,S7BWWlmk8wn9Bnv6l6zgC+3kkOk=,cSK4uYc7jxfuM0d0s3Ij5VVGJfo=
3,-316,S7BWWlmk8wn9Bnv6l6zgC+3kkOk=,cSK4uYc7jxfuM0d0s3Ij5VVGJfo=
3,-317,S7BWWlmk8wn9Bnv6l6zgC+3kkOk=,cSK4uYc7jxfuM0d0s3Ij5VVGJfo=
7,-319,S7BWWlmk8wn9Bnv6l6zgC+3kkOk=,cSK4uYc7jxfuM0d0s3Ij5VVGJfo=
5,-317,S7BWWlmk8wn9Bnv6l6zgC+3kkOk=,cSK4uYc7jxfuM0d0s3Ij5VVGJfo=
4,-317,S7BWWlmk8wn9Bnv6l6zgC+3kkOk=,cSK4uYc7jxfuM0d0s3Ij5VVGJfo=
0,-320,S7BWWlmk8wn9Bnv6l6zgC+3kkOk=,cSK4uYc7jxfuM0d0s3Ij5VVGJfo=
0,-316,S7BWWlmk8wn9Bnv6l6zgC+3kkOk=,cSK4uYc7jxfuM0d0s3Ij5VVGJfo=
7,-317,S7BWWlmk8wn9Bnv6l6zgC+3kkOk=,cSK4uYc7jxfuM0d0s3Ij5VVGJfo=
1,-320,S7BWWlmk8wn9Bnv6l6zgC+3kkOk=,cSK4uYc7jxfuM0d0s3Ij5VVGJfo=
6,-319,S7BWWlmk8wn9Bnv6l6zgC+3kkOk=,cSK4uYc7jxfuM0d0s3Ij5VVGJfo=
6,-317,S7BWWlmk8wn9Bnv6l6zgC+3kkOk=,cSK4uYc7jxfuM0d0s3Ij5VVGJfo=
1,-318,S7BWWlmk8wn9Bnv6l6zgC+3kkOk=,cSK4uYc7jxfuM0d0s3Ij5VVGJfo=
7,-320,S7BWWlmk8wn9Bnv6l6zgC+3kkOk=,cSK4uYc7jxfuM0d0s3Ij5VVGJfo=
6,-320,S7BWWlmk8wn9Bnv6l6zgC+3kkOk=,cSK4uYc7jxfuM0d0s3Ij5VVGJfo=
7,-316,S7BWWlmk8wn9Bnv6l6zgC+3kkOk=,cSK4uYc7jxfuM0d0s3Ij5VVGJfo=
6,-316,S7BWWlmk8wn9Bnv6l6zgC+3kkOk=,cSK4uYc7jxfuM0d0s3Ij5VVGJfo=
5,-316,S7BWWlmk8wn9Bnv6l6zgC+3kkOk=,cSK4uYc7jxfuM0d0s3Ij5VVGJfo=
4,-319,S7BWWlmk8wn9Bnv6l6zgC+3kkOk=,cSK4uYc7jxfuM0d0s3Ij5VVGJfo=
4,-320,S7BWWlmk8wn9Bnv6l6zgC+3kkOk=,cSK4uYc7jxfuM0d0s3Ij5VVGJfo=
5,-320,S7BWWlmk8wn9Bnv6l6zgC+3kkOk=,cSK4uYc7jxfuM0d0s3Ij5VVGJfo=
7,-318,S7BWWlmk8wn9Bnv6l6zgC+3kkOk=,cSK4uYc7jxfuM0d0s3Ij5VVGJfo=
1,-316,S7BWWlmk8wn9Bnv6l6zgC+3kkOk=,cSK4uYc7jxfuM0d0s3Ij5VVGJfo=
5,-318,S7BWWlmk8wn9Bnv6l6zgC+3kkOk=,cSK4uYc7jxfuM0d0s3Ij5VVGJfo=
4,-316,S7BWWlmk8wn9Bnv6l6zgC+3kkOk=,cSK4uYc7jxfuM0d0s3Ij5VVGJfo=
6,-318,S7BWWlmk8wn9Bnv6l6zgC+3kkOk=,cSK4uYc7jxfuM0d0s3Ij5VVGJfo=
4,-318,S7BWWlmk8wn9Bnv6l6zgC+3kkOk=,cSK4uYc7jxfuM0d0s3Ij5VVGJfo=
1,-317,S7BWWlmk8wn9Bnv6l6zgC+3kkOk=,cSK4uYc7jxfuM0d0s3Ij5VVGJfo=
2,-318,S7BWWlmk8wn9Bnv6l6zgC+3kkOk=,cSK4uYc7jxfuM0d0s3Ij5VVGJfo=
0,-318,S7BWWlmk8wn9Bnv6l6zgC+3kkOk=,cSK4uYc7jxfuM0d0s3Ij5VVGJfo=
3,-318,S7BWWlmk8wn9Bnv6l6zgC+3kkOk=,cSK4uYc7jxfuM0d0s3Ij5VVGJfo=
5,-319,S7BWWlmk8wn9Bnv6l6zgC+3kkOk=,cSK4uYc7jxfuM0d0s3Ij5VVGJfo=
0,-317,S7BWWlmk8wn9Bnv6l6zgC+3kkOk=,cSK4uYc7jxfuM0d0s3Ij5VVGJfo=
3,-319,S7BWWlmk8wn9Bnv6l6zgC+3kkOk=,cSK4uYc7jxfuM0d0s3Ij5VVGJfo=
3,-320,S7BWWlmk8wn9Bnv6l6zgC+3kkOk=,cSK4uYc7jxfuM0d0s3Ij5VVGJfo=
0,-319,S7BWWlmk8wn9Bnv6l6zgC+3kkOk=,cSK4uYc7jxfuM0d0s3Ij5VVGJfo=
2,-319,S7BWWlmk8wn9Bnv6l6zgC+3kkOk=,cSK4uYc7jxfuM0d0s3Ij5VVGJfo=
1,-319,S7BWWlmk8wn9Bnv6l6zgC+3kkOk=,cSK4uYc7jxfuM0d0s3Ij5VVGJfo=
2,-320,S7BWWlmk8wn9Bnv6l6zgC+3kkOk=,cSK4uYc7jxfuM0d0s3Ij5VVGJfo=
4,-306,S7BWWlmk8wn9Bnv6l6zgC+3kkOk=,uOk8Q4hW9lX3gZ33YC/PQSpdnNo=
0,-307,S7BWWlmk8wn9Bnv6l6zgC+3kkOk=,uOk8Q4hW9lX3gZ33YC/PQSpdnNo=
7,-308,S7BWWlmk8wn9Bnv6l6zgC+3kkOk=,uOk8Q4hW9lX3gZ33YC/PQSpdnNo=
6,-308,S7BWWlmk8wn9Bnv6l6zgC+3kkOk=,uOk8Q4hW9lX3gZ33YC/PQSpdnNo=
5,-308,S7BWWlmk8wn9Bnv6l6zgC+3kkOk=,uOk8Q4hW9lX3gZ33YC/PQSpdnNo=
6,-311,S7BWWlmk8wn9Bnv6l6zgC+3kkOk=,uOk8Q4hW9lX3gZ33YC/PQSpdnNo=
7,-311,S7BWWlmk8wn9Bnv6l6zgC+3kkOk=,uOk8Q4hW9lX3gZ33YC/PQSpdnNo=
5,-311,S7BWWlmk8wn9Bnv6l6zgC+3kkOk=,uOk8Q4hW9lX3gZ33YC/PQSpdnNo=
4,-311,S7BWWlmk8wn9Bnv6l6zgC+3kkOk=,uOk8Q4hW9lX3gZ33YC/PQSpdnNo=
4,-308,S7BWWlmk8wn9Bnv6l6zgC+3kkOk=,uOk8Q4hW9lX3gZ33YC/PQSpdnNo=
7,-315,S7BWWlmk8wn9Bnv6l6zgC+3kkOk=,cSK4uYc7jxfuM0d0s3Ij5VVGJfo=
0,-310,S7BWWlmk8wn9Bnv6l6zgC+3kkOk=,uOk8Q4hW9lX3gZ33YC/PQSpdnNo=
3,-311,S7BWWlmk8wn9Bnv6l6zgC+3kkOk=,uOk8Q4hW9lX3gZ33YC/PQSpdnNo=
5,-306,S7BWWlmk8wn9Bnv6l6zgC+3kkOk=,uOk8Q4hW9lX3gZ33YC/PQSpdnNo=
6,-306,S7BWWlmk8wn9Bnv6l6zgC+3kkOk=,uOk8Q4hW9lX3gZ33YC/PQSpdnNo=
7,-306,S7BWWlmk8wn9Bnv6l6zgC+3kkOk=,uOk8Q4hW9lX3gZ33YC/PQSpdnNo=
0,-305,S7BWWlmk8wn9Bnv6l6zgC+3kkOk=,uOk8Q4hW9lX3gZ33YC/PQSpdnNo=
6,-312,S7BWWlmk8wn9Bnv6l6zgC+3kkOk=,uOk8Q4hW9lX3gZ33YC/PQSpdnNo=
7,-312,S7BWWlmk8wn9Bnv6l6zgC+3kkOk=,uOk8Q4hW9lX3gZ33YC/PQSpdnNo=
7,-309,S7BWWlmk8wn9Bnv6l6zgC+3kkOk=,uOk8Q4hW9lX3gZ33YC/PQSpdnNo=
6,-309,S7BWWlmk8wn9Bnv6l6zgC+3kkOk=,uOk8Q4hW9lX3gZ33YC/PQSpdnNo=
5,-312,S7BWWlmk8wn9Bnv6l6zgC+3kkOk=,uOk8Q4hW9lX3gZ33YC/PQSpdnNo=
6,-307,S7BWWlmk8wn9Bnv6l6zgC+3kkOk=,uOk8Q4hW9lX3gZ33YC/PQSpdnNo=
6,-315,S7BWWlmk8wn9Bnv6l6zgC+3kkOk=,cSK4uYc7jxfuM0d0s3Ij5VVGJfo=
3,-308,S7BWWlmk8wn9Bnv6l6zgC+3kkOk=,uOk8Q4hW9lX3gZ33YC/PQSpdnNo=
7,-313,S7BWWlmk8wn9Bnv6l6zgC+3kkOk=,cSK4uYc7jxfuM0d0s3Ij5VVGJfo=
5,-307,S7BWWlmk8wn9Bnv6l6zgC+3kkOk=,uOk8Q4hW9lX3gZ33YC/PQSpdnNo=
5,-309,S7BWWlmk8wn9Bnv6l6zgC+3kkOk=,uOk8Q4hW9lX3gZ33YC/PQSpdnNo=
6,-313,S7BWWlmk8wn9Bnv6l6zgC+3kkOk=,cSK4uYc7jxfuM0d0s3Ij5VVGJfo=
5,-315,S7BWWlmk8wn9Bnv6l6zgC+3kkOk=,cSK4uYc7jxfuM0d0s3Ij5VVGJfo=
4,-315,S7BWWlmk8wn9Bnv6l6zgC+3kkOk=,cSK4uYc7jxfuM0d0s3Ij5VVGJfo=
4,-309,S7BWWlmk8wn9Bnv6l6zgC+3kkOk=,uOk8Q4hW9lX3gZ33YC/PQSpdnNo=
3,-306,S7BWWlmk8wn9Bnv6l6zgC+3kkOk=,uOk8Q4hW9lX3gZ33YC/PQSpdnNo=
0,-308,S7BWWlmk8wn9Bnv6l6zgC+3kkOk=,uOk8Q4hW9lX3gZ33YC/PQSpdnNo=
4,-307,S7BWWlmk8wn9Bnv6l6zgC+3kkOk=,uOk8Q4hW9lX3gZ33YC/PQSpdnNo=
1,-305,S7BWWlmk8wn9Bnv6l6zgC+3kkOk=,uOk8Q4hW9lX3gZ33YC/PQSpdnNo=
3,-309,S7BWWlmk8wn9Bnv6l6zgC+3kkOk=,uOk8Q4hW9lX3gZ33YC/PQSpdnNo=
2,-311,S7BWWlmk8wn9Bnv6l6zgC+3kkOk=,uOk8Q4hW9lX3gZ33YC/PQSpdnNo=
0,-311,S7BWWlmk8wn9Bnv6l6zgC+3kkOk=,uOk8Q4hW9lX3gZ33YC/PQSpdnNo=
4,-312,S7BWWlmk8wn9Bnv6l6zgC+3kkOk=,uOk8Q4hW9lX3gZ33YC/PQSpdnNo=
3,-307,S7BWWlmk8wn9Bnv6l6zgC+3kkOk=,uOk8Q4hW9lX3gZ33YC/PQSpdnNo=
4,-310,S7BWWlmk8wn9Bnv6l6zgC+3kkOk=,uOk8Q4hW9lX3gZ33YC/PQSpdnNo=
5,-310,S7BWWlmk8wn9Bnv6l6zgC+3kkOk=,uOk8Q4hW9lX3gZ33YC/PQSpdnNo=
3,-310,S7BWWlmk8wn9Bnv6l6zgC+3kkOk=,uOk8Q4hW9lX3gZ33YC/PQSpdnNo=
1,-311,S7BWWlmk8wn9Bnv6l6zgC+3kkOk=,uOk8Q4hW9lX3gZ33YC/PQSpdnNo=
7,-310,S7BWWlmk8wn9Bnv6l6zgC+3kkOk=,uOk8Q4hW9lX3gZ33YC/PQSpdnNo=
0,-314,S7BWWlmk8wn9Bnv6l6zgC+3kkOk=,cSK4uYc7jxfuM0d0s3Ij5VVGJfo=
1,-308,S7BWWlmk8wn9Bnv6l6zgC+3kkOk=,uOk8Q4hW9lX3gZ33YC/PQSpdnNo=
0,-315,S7BWWlmk8wn9Bnv6l6zgC+3kkOk=,cSK4uYc7jxfuM0d0s3Ij5VVGJfo=
1,-307,S7BWWlmk8wn9Bnv6l6zgC+3kkOk=,uOk8Q4hW9lX3gZ33YC/PQSpdnNo=
3,-313,S7BWWlmk8wn9Bnv6l6zgC+3kkOk=,cSK4uYc7jxfuM0d0s3Ij5VVGJfo=
5,-314,S7BWWlmk8wn9Bnv6l6zgC+3kkOk=,cSK4uYc7jxfuM0d0s3Ij5VVGJfo=
1,-315,S7BWWlmk8wn9Bnv6l6zgC+3kkOk=,cSK4uYc7jxfuM0d0s3Ij5VVGJfo=
4,-313,S7BWWlmk8wn9Bnv6l6zgC+3kkOk=,cSK4uYc7jxfuM0d0s3Ij5VVGJfo=
5,-313,S7BWWlmk8wn9Bnv6l6zgC+3kkOk=,cSK4uYc7jxfuM0d0s3Ij5VVGJfo=
4,-314,S7BWWlmk8wn9Bnv6l6zgC+3kkOk=,cSK4uYc7jxfuM0d0s3Ij5VVGJfo=
7,-305,S7BWWlmk8wn9Bnv6l6zgC+3kkOk=,uOk8Q4hW9lX3gZ33YC/PQSpdnNo=
6,-305,S7BWWlmk8wn9Bnv6l6zgC+3kkOk=,uOk8Q4hW9lX3gZ33YC/PQSpdnNo=
5,-305,S7BWWlmk8wn9Bnv6l6zgC+3kkOk=,uOk8Q4hW9lX3gZ33YC/PQSpdnNo=
3,-315,S7BWWlmk8wn9Bnv6l6zgC+3kkOk=,cSK4uYc7jxfuM0d0s3Ij5VVGJfo=
2,-308,S7BWWlmk8wn9Bnv6l6zgC+3kkOk=,uOk8Q4hW9lX3gZ33YC/PQSpdnNo=
3,-312,S7BWWlmk8wn9Bnv6l6zgC+3kkOk=,uOk8Q4hW9lX3gZ33YC/PQSpdnNo=
4,-305,S7BWWlmk8wn9Bnv6l6zgC+3kkOk=,uOk8Q4hW9lX3gZ33YC/PQSpdnNo=
2,-310,S7BWWlmk8wn9Bnv6l6zgC+3kkOk=,uOk8Q4hW9lX3gZ33YC/PQSpdnNo=
2,-307,S7BWWlmk8wn9Bnv6l6zgC+3kkOk=,uOk8Q4hW9lX3gZ33YC/PQSpdnNo=
7,-314,S7BWWlmk8wn9Bnv6l6zgC+3kkOk=,cSK4uYc7jxfuM0d0s3Ij5VVGJfo=
1,-306,S7BWWlmk8wn9Bnv6l6zgC+3kkOk=,uOk8Q4hW9lX3gZ33YC/PQSpdnNo=
3,-314,S7BWWlmk8wn9Bnv6l6zgC+3kkOk=,cSK4uYc7jxfuM0d0s3Ij5VVGJfo=
2,-312,S7BWWlmk8wn9Bnv6l6zgC+3kkOk=,uOk8Q4hW9lX3gZ33YC/PQSpdnNo=
0,-306,S7BWWlmk8wn9Bnv6l6zgC+3kkOk=,uOk8Q4hW9lX3gZ33YC/PQSpdnNo=
7,-307,S7BWWlmk8wn9Bnv6l6zgC+3kkOk=,uOk8Q4hW9lX3gZ33YC/PQSpdnNo=
6,-314,S7BWWlmk8wn9Bnv6l6zgC+3kkOk=,cSK4uYc7jxfuM0d0s3Ij5VVGJfo=
1,-309,S7BWWlmk8wn9Bnv6l6zgC+3kkOk=,uOk8Q4hW9lX3gZ33YC/PQSpdnNo=
2,-315,S7BWWlmk8wn9Bnv6l6zgC+3kkOk=,cSK4uYc7jxfuM0d0s3Ij5VVGJfo=
6,-310,S7BWWlmk8wn9Bnv6l6zgC+3kkOk=,uOk8Q4hW9lX3gZ33YC/PQSpdnNo=
1,-310,S7BWWlmk8wn9Bnv6l6zgC+3kkOk=,uOk8Q4hW9lX3gZ33YC/PQSpdnNo=
0,-313,S7BWWlmk8wn9Bnv6l6zgC+3kkOk=,cSK4uYc7jxfuM0d0s3Ij5VVGJfo=
0,-309,S7BWWlmk8wn9Bnv6l6zgC+3kkOk=,uOk8Q4hW9lX3gZ33YC/PQSpdnNo=
2,-306,S7BWWlmk8wn9Bnv6l6zgC+3kkOk=,uOk8Q4hW9lX3gZ33YC/PQSpdnNo=
3,-305,S7BWWlmk8wn9Bnv6l6zgC+3kkOk=,uOk8Q4hW9lX3gZ33YC/PQSpdnNo=
2,-313,S7BWWlmk8wn9Bnv6l6zgC+3kkOk=,cSK4uYc7jxfuM0d0s3Ij5VVGJfo=
2,-314,S7BWWlmk8wn9Bnv6l6zgC+3kkOk=,cSK4uYc7jxfuM0d0s3Ij5VVGJfo=
2,-305,S7BWWlmk8wn9Bnv6l6zgC+3kkOk=,uOk8Q4hW9lX3gZ33YC/PQSpdnNo=
0,-312,S7BWWlmk8wn9Bnv6l6zgC+3kkOk=,uOk8Q4hW9lX3gZ33YC/PQSpdnNo=
1,-313,S7BWWlmk8wn9Bnv6l6zgC+3kkOk=,cSK4uYc7jxfuM0d0s3Ij5VVGJfo=
2,-309,S7BWWlmk8wn9Bnv6l6zgC+3kkOk=,uOk8Q4hW9lX3gZ33YC/PQSpdnNo=
1,-312,S7BWWlmk8wn9Bnv6l6zgC+3kkOk=,uOk8Q4hW9lX3gZ33YC/PQSpdnNo=
1,-314,S7BWWlmk8wn9Bnv6l6zgC+3kkOk=,cSK4uYc7jxfuM0d0s3Ij5VVGJfo=
7,-289,P41XyBZ8meAPKQoTuK8rvdac4ZI=,fdLxzR8C/X/6ilu6nRHTDiZPv6c=
7,-293,P41XyBZ8meAPKQoTuK8rvdac4ZI=,fdLxzR8C/X/6ilu6nRHTDiZPv6c=
4,-291,P41XyBZ8meAPKQoTuK8rvdac4ZI=,fdLxzR8C/X/6ilu6nRHTDiZPv6c=
5,-292,P41XyBZ8meAPKQoTuK8rvdac4ZI=,fdLxzR8C/X/6ilu6nRHTDiZPv6c=
3,-289,P41XyBZ8meAPKQoTuK8rvdac4ZI=,fdLxzR8C/X/6ilu6nRHTDiZPv6c=
0,-292,P41XyBZ8meAPKQoTuK8rvdac4ZI=,fdLxzR8C/X/6ilu6nRHTDiZPv6c=
5,-291,P41XyBZ8meAPKQoTuK8rvdac4ZI=,fdLxzR8C/X/6ilu6nRHTDiZPv6c=
4,-292,P41XyBZ8meAPKQoTuK8rvdac4ZI=,fdLxzR8C/X/6ilu6nRHTDiZPv6c=
6,-293,P41XyBZ8meAPKQoTuK8rvdac4ZI=,fdLxzR8C/X/6ilu6nRHTDiZPv6c=
6,-289,P41XyBZ8meAPKQoTuK8rvdac4ZI=,fdLxzR8C/X/6ilu6nRHTDiZPv6c=
5,-293,P41XyBZ8meAPKQoTuK8rvdac4ZI=,fdLxzR8C/X/6ilu6nRHTDiZPv6c=
6,-291,P41XyBZ8meAPKQoTuK8rvdac4ZI=,fdLxzR8C/X/6ilu6nRHTDiZPv6c=
4,-293,P41XyBZ8meAPKQoTuK8rvdac4ZI=,fdLxzR8C/X/6ilu6nRHTDiZPv6c=
7,-291,P41XyBZ8meAPKQoTuK8rvdac4ZI=,fdLxzR8C/X/6ilu6nRHTDiZPv6c=
3,-291,P41XyBZ8meAPKQoTuK8rvdac4ZI=,fdLxzR8C/X/6ilu6nRHTDiZPv6c=
5,-289,P41XyBZ8meAPKQoTuK8rvdac4ZI=,fdLxzR8C/X/6ilu6nRHTDiZPv6c=
4,-289,P41XyBZ8meAPKQoTuK8rvdac4ZI=,fdLxzR8C/X/6ilu6nRHTDiZPv6c=
0,-291,P41XyBZ8meAPKQoTuK8rvdac4ZI=,fdLxzR8C/X/6ilu6nRHTDiZPv6c=
7,-292,P41XyBZ8meAPKQoTuK8rvdac4ZI=,fdLxzR8C/X/6ilu6nRHTDiZPv6c=
6,-292,P41XyBZ8meAPKQoTuK8rvdac4ZI=,fdLxzR8C/X/6ilu6nRHTDiZPv6c=
7,-290,P41XyBZ8meAPKQoTuK8rvdac4ZI=,fdLxzR8C/X/6ilu6nRHTDiZPv6c=
6,-290,P41XyBZ8meAPKQoTuK8rvdac4ZI=,fdLxzR8C/X/6ilu6nRHTDiZPv6c=
5,-290,P41XyBZ8meAPKQoTuK8rvdac4ZI=,fdLxzR8C/X/6ilu6nRHTDiZPv6c=
3,-290,P41XyBZ8meAPKQoTuK8rvdac4ZI=,fdLxzR8C/X/6ilu6nRHTDiZPv6c=
3,-292,P41XyBZ8meAPKQoTuK8rvdac4ZI=,fdLxzR8C/X/6ilu6nRHTDiZPv6c=
4,-290,P41XyBZ8meAPKQoTuK8rvdac4ZI=,fdLxzR8C/X/6ilu6nRHTDiZPv6c=
0,-290,P41XyBZ8meAPKQoTuK8rvdac4ZI=,fdLxzR8C/X/6ilu6nRHTDiZPv6c=
0,-293,P41XyBZ8meAPKQoTuK8rvdac4ZI=,fdLxzR8C/X/6ilu6nRHTDiZPv6c=
3,-293,P41XyBZ8meAPKQoTuK8rvdac4ZI=,fdLxzR8C/X/6ilu6nRHTDiZPv6c=
0,-289,P41XyBZ8meAPKQoTuK8rvdac4ZI=,fdLxzR8C/X/6ilu6nRHTDiZPv6c=
2,-289,P41XyBZ8meAPKQoTuK8rvdac4ZI=,fdLxzR8C/X/6ilu6nRHTDiZPv6c=
1,-293,P41XyBZ8meAPKQoTuK8rvdac4ZI=,fdLxzR8C/X/6ilu6nRHTDiZPv6c=
2,-290,P41XyBZ8meAPKQoTuK8rvdac4ZI=,fdLxzR8C/X/6ilu6nRHTDiZPv6c=
1,-292,P41XyBZ8meAPKQoTuK8rvdac4ZI=,fdLxzR8C/X/6ilu6nRHTDiZPv6c=
2,-291,P41XyBZ8meAPKQoTuK8rvdac4ZI=,fdLxzR8C/X/6ilu6nRHTDiZPv6c=
1,-290,P41XyBZ8meAPKQoTuK8rvdac4ZI=,fdLxzR8C/X/6ilu6nRHTDiZPv6c=
1,-289,P41XyBZ8meAPKQoTuK8rvdac4ZI=,fdLxzR8C/X/6ilu6nRHTDiZPv6c=
1,-291,P41XyBZ8meAPKQoTuK8rvdac4ZI=,fdLxzR8C/X/6ilu6nRHTDiZPv6c=
4,-295,P41XyBZ8meAPKQoTuK8rvdac4ZI=,fdLxzR8C/X/6ilu6nRHTDiZPv6c=
7,-299,P41XyBZ8meAPKQoTuK8rvdac4ZI=,wYTRNwmX7HSPBgbC/oXaomXJjOA=
6,-299,P41XyBZ8meAPKQoTuK8rvdac4ZI=,wYTRNwmX7HSPBgbC/oXaomXJjOA=
7,-296,P41XyBZ8meAPKQoTuK8rvdac4ZI=,fdLxzR8C/X/6ilu6nRHTDiZPv6c=
6,-296,P41XyBZ8meAPKQoTuK8rvdac4ZI=,fdLxzR8C/X/6ilu6nRHTDiZPv6c=
5,-296,P41XyBZ8meAPKQoTuK8rvdac4ZI=,fdLxzR8C/X/6ilu6nRHTDiZPv6c=
4,-296,P41XyBZ8meAPKQoTuK8rvdac4ZI=,fdLxzR8C/X/6ilu6nRHTDiZPv6c=
0,-304,P41XyBZ8meAPKQoTuK8rvdac4ZI=,wYTRNwmX7HSPBgbC/oXaomXJjOA=
0,-301,P41XyBZ8meAPKQoTuK8rvdac4ZI=,wYTRNwmX7HSPBgbC/oXaomXJjOA=
0,-302,P41XyBZ8meAPKQoTuK8rvdac4ZI=,wYTRNwmX7HSPBgbC/oXaomXJjOA=
5,-295,P41XyBZ8meAPKQoTuK8rvdac4ZI=,fdLxzR8C/X/6ilu6nRHTDiZPv6c=
7,-303,P41XyBZ8meAPKQoTuK8rvdac4ZI=,wYTRNwmX7HSPBgbC/oXaomXJjOA=
3,-300,P41XyBZ8meAPKQoTuK8rvdac4ZI=,wYTRNwmX7HSPBgbC/oXaomXJjOA=
0,-296,P41XyBZ8meAPKQoTuK8rvdac4ZI=,fdLxzR8C/X/6ilu6nRHTDiZPv6c=
2,-293,P41XyBZ8meAPKQoTuK8rvdac4ZI=,fdLxzR8C/X/6ilu6nRHTDiZPv6c=
1,-295,P41XyBZ8meAPKQoTuK8rvdac4ZI=,fdLxzR8C/X/6ilu6nRHTDiZPv6c=
7,-297,P41XyBZ8meAPKQoTuK8rvdac4ZI=,wYTRNwmX7HSPBgbC/oXaomXJjOA=
0,-303,P41XyBZ8meAPKQoTuK8rvdac4ZI=,wYTRNwmX7HSPBgbC/oXaomXJjOA=
6,-297,P41XyBZ8meAPKQoTuK8rvdac4ZI=,wYTRNwmX7HSPBgbC/oXaomXJjOA=
6,-303,P41XyBZ8meAPKQoTuK8rvdac4ZI=,wYTRNwmX7HSPBgbC/oXaomXJjOA=
5,-303,P41XyBZ8meAPKQoTuK8rvdac4ZI=,wYTRNwmX7HSPBgbC/oXaomXJjOA=
7,-304,P41XyBZ8meAPKQoTuK8rvdac4ZI=,wYTRNwmX7HSPBgbC/oXaomXJjOA=
5,-297,P41XyBZ8meAPKQoTuK8rvdac4ZI=,wYTRNwmX7HSPBgbC/oXaomXJjOA=
4,-297,P41XyBZ8meAPKQoTuK8rvdac4ZI=,wYTRNwmX7HSPBgbC/oXaomXJjOA=
2,-292,P41XyBZ8meAPKQoTuK8rvdac4ZI=,fdLxzR8C/X/6ilu6nRHTDiZPv6c=
0,-295,P41XyBZ8meAPKQoTuK8rvdac4ZI=,fdLxzR8C/X/6ilu6nRHTDiZPv6c=
1,-296,P41XyBZ8meAPKQoTuK8rvdac4ZI=,fdLxzR8C/X/6ilu6nRHTDiZPv6c=
4,-303,P41XyBZ8meAPKQoTuK8rvdac4ZI=,wYTRNwmX7HSPBgbC/oXaomXJjOA=
1,-297,P41XyBZ8meAPKQoTuK8rvdac4ZI=,wYTRNwmX7HSPBgbC/oXaomXJjOA=
0,-297,P41XyBZ8meAPKQoTuK8rvdac4ZI=,wYTRNwmX7HSPBgbC/oXaomXJjOA=
0,-299,P41XyBZ8meAPKQoTuK8rvdac4ZI=,wYTRNwmX7HSPBgbC/oXaomXJjOA=
7,-300,P41XyBZ8meAPKQoTuK8rvdac4ZI=,wYTRNwmX7HSPBgbC/oXaomXJjOA=
1,-301,P41XyBZ8meAPKQoTuK8rvdac4ZI=,wYTRNwmX7HSPBgbC/oXaomXJjOA=
1,-302,P41XyBZ8meAPKQoTuK8rvdac4ZI=,wYTRNwmX7HSPBgbC/oXaomXJjOA=
4,-299,P41XyBZ8meAPKQoTuK8rvdac4ZI=,wYTRNwmX7HSPBgbC/oXaomXJjOA=
7,-298,P41XyBZ8meAPKQoTuK8rvdac4ZI=,wYTRNwmX7HSPBgbC/oXaomXJjOA=
6,-298,P41XyBZ8meAPKQoTuK8rvdac4ZI=,wYTRNwmX7HSPBgbC/oXaomXJjOA=
1,-299,P41XyBZ8meAPKQoTuK8rvdac4ZI=,wYTRNwmX7HSPBgbC/oXaomXJjOA=
5,-298,P41XyBZ8meAPKQoTuK8rvdac4ZI=,wYTRNwmX7HSPBgbC/oXaomXJjOA=
6,-300,P41XyBZ8meAPKQoTuK8rvdac4ZI=,wYTRNwmX7HSPBgbC/oXaomXJjOA=
4,-298,P41XyBZ8meAPKQoTuK8rvdac4ZI=,wYTRNwmX7HSPBgbC/oXaomXJjOA=
5,-300,P41XyBZ8meAPKQoTuK8rvdac4ZI=,wYTRNwmX7HSPBgbC/oXaomXJjOA=
7,-302,P41XyBZ8meAPKQoTuK8rvdac4ZI=,wYTRNwmX7HSPBgbC/oXaomXJjOA=
5,-299,P41XyBZ8meAPKQoTuK8rvdac4ZI=,wYTRNwmX7HSPBgbC/oXaomXJjOA=
3,-295,P41XyBZ8meAPKQoTuK8rvdac4ZI=,fdLxzR8C/X/6ilu6nRHTDiZPv6c=
6,-302,P41XyBZ8meAPKQoTuK8rvdac4ZI=,wYTRNwmX7HSPBgbC/oXaomXJjOA=
3,-303,P41XyBZ8meAPKQoTuK8rvdac4ZI=,wYTRNwmX7HSPBgbC/oXaomXJjOA=
6,-294,P41XyBZ8meAPKQoTuK8rvdac4ZI=,fdLxzR8C/X/6ilu6nRHTDiZPv6c=
7,-294,P41XyBZ8meAPKQoTuK8rvdac4ZI=,fdLxzR8C/X/6ilu6nRHTDiZPv6c=
5,-294,P41XyBZ8meAPKQoTuK8rvdac4ZI=,fdLxzR8C/X/6ilu6nRHTDiZPv6c=
5,-302,P41XyBZ8meAPKQoTuK8rvdac4ZI=,wYTRNwmX7HSPBgbC/oXaomXJjOA=
4,-300,P41XyBZ8meAPKQoTuK8rvdac4ZI=,wYTRNwmX7HSPBgbC/oXaomXJjOA=
2,-301,P41XyBZ8meAPKQoTuK8rvdac4ZI=,wYTRNwmX7HSPBgbC/oXaomXJjOA=
1,-303,P41XyBZ8meAPKQoTuK8rvdac4ZI=,wYTRNwmX7HSPBgbC/oXaomXJjOA=
4,-294,P41XyBZ8meAPKQoTuK8rvdac4ZI=,fdLxzR8C/X/6ilu6nRHTDiZPv6c=
0,-300,P41XyBZ8meAPKQoTuK8rvdac4ZI=,wYTRNwmX7HSPBgbC/oXaomXJjOA=
6,-304,P41XyBZ8meAPKQoTuK8rvdac4ZI=,wYTRNwmX7HSPBgbC/oXaomXJjOA=
5,-304,P41XyBZ8meAPKQoTuK8rvdac4ZI=,wYTRNwmX7HSPBgbC/oXaomXJjOA=
4,-304,P41XyBZ8meAPKQoTuK8rvdac4ZI=,wYTRNwmX7HSPBgbC/oXaomXJjOA=
4,-302,P41XyBZ8meAPKQoTuK8rvdac4ZI=,wYTRNwmX7HSPBgbC/oXaomXJjOA=
2,-296,P41XyBZ8meAPKQoTuK8rvdac4ZI=,fdLxzR8C/X/6ilu6nRHTDiZPv6c=
2,-295,P41XyBZ8meAPKQoTuK8rvdac4ZI=,fdLxzR8C/X/6ilu6nRHTDiZPv6c=
7,-301,P41XyBZ8meAPKQoTuK8rvdac4ZI=,wYTRNwmX7HSPBgbC/oXaomXJjOA=
1,-304,P41XyBZ8meAPKQoTuK8rvdac4ZI=,wYTRNwmX7HSPBgbC/oXaomXJjOA=
1,-300,P41XyBZ8meAPKQoTuK8rvdac4ZI=,wYTRNwmX7HSPBgbC/oXaomXJjOA=
1,-294,P41XyBZ8meAPKQoTuK8rvdac4ZI=,fdLxzR8C/X/6ilu6nRHTDiZPv6c=
0,-294,P41XyBZ8meAPKQoTuK8rvdac4ZI=,fdLxzR8C/X/6ilu6nRHTDiZPv6c=
1,-298,P41XyBZ8meAPKQoTuK8rvdac4ZI=,wYTRNwmX7HSPBgbC/oXaomXJjOA=
6,-301,P41XyBZ8meAPKQoTuK8rvdac4ZI=,wYTRNwmX7HSPBgbC/oXaomXJjOA=
3,-302,P41XyBZ8meAPKQoTuK8rvdac4ZI=,wYTRNwmX7HSPBgbC/oXaomXJjOA=
7,-295,P41XyBZ8meAPKQoTuK8rvdac4ZI=,fdLxzR8C/X/6ilu6nRHTDiZPv6c=
0,-298,P41XyBZ8meAPKQoTuK8rvdac4ZI=,wYTRNwmX7HSPBgbC/oXaomXJjOA=
5,-301,P41XyBZ8meAPKQoTuK8rvdac4ZI=,wYTRNwmX7HSPBgbC/oXaomXJjOA=
6,-295,P41XyBZ8meAPKQoTuK8rvdac4ZI=,fdLxzR8C/X/6ilu6nRHTDiZPv6c=
4,-301,P41XyBZ8meAPKQoTuK8rvdac4ZI=,wYTRNwmX7HSPBgbC/oXaomXJjOA=
2,-297,P41XyBZ8meAPKQoTuK8rvdac4ZI=,wYTRNwmX7HSPBgbC/oXaomXJjOA=
3,-304,P41XyBZ8meAPKQoTuK8rvdac4ZI=,wYTRNwmX7HSPBgbC/oXaomXJjOA=
3,-299,P41XyBZ8meAPKQoTuK8rvdac4ZI=,wYTRNwmX7HSPBgbC/oXaomXJjOA=
3,-301,P41XyBZ8meAPKQoTuK8rvdac4ZI=,wYTRNwmX7HSPBgbC/oXaomXJjOA=
3,-297,P41XyBZ8meAPKQoTuK8rvdac4ZI=,wYTRNwmX7HSPBgbC/oXaomXJjOA=
3,-296,P41XyBZ8meAPKQoTuK8rvdac4ZI=,fdLxzR8C/X/6ilu6nRHTDiZPv6c=
3,-294,P41XyBZ8meAPKQoTuK8rvdac4ZI=,fdLxzR8C/X/6ilu6nRHTDiZPv6c=
2,-300,P41XyBZ8meAPKQoTuK8rvdac4ZI=,wYTRNwmX7HSPBgbC/oXaomXJjOA=
3,-298,P41XyBZ8meAPKQoTuK8rvdac4ZI=,wYTRNwmX7HSPBgbC/oXaomXJjOA=
2,-303,P41XyBZ8meAPKQoTuK8rvdac4ZI=,wYTRNwmX7HSPBgbC/oXaomXJjOA=
2,-294,P41XyBZ8meAPKQoTuK8rvdac4ZI=,fdLxzR8C/X/6ilu6nRHTDiZPv6c=
2,-302,P41XyBZ8meAPKQoTuK8rvdac4ZI=,wYTRNwmX7HSPBgbC/oXaomXJjOA=
2,-304,P41XyBZ8meAPKQoTuK8rvdac4ZI=,wYTRNwmX7HSPBgbC/oXaomXJjOA=
2,-299,P41XyBZ8meAPKQoTuK8rvdac4ZI=,wYTRNwmX7HSPBgbC/oXaomXJjOA=
2,-298,P41XyBZ8meAPKQoTuK8rvdac4ZI=,wYTRNwmX7HSPBgbC/oXaomXJjOA=
