44,35,D5z5lAsd4hbGo8vSqBkOO8YNStg=,Ap0IUKUxGbYprZUeuwqPI1ahIwg=
44,36,D5z5lAsd4hbGo8vSqBkOO8YNStg=,Ap0IUKUxGbYprZUeuwqPI1ahIwg=
43,35,D5z5lAsd4hbGo8vSqBkOO8YNStg=,Ap0IUKUxGbYprZUeuwqPI1ahIwg=
43,36,D5z5lAsd4hbGo8vSqBkOO8YNStg=,Ap0IUKUxGbYprZUeuwqPI1ahIwg=
43,43,D5z5lAsd4hbGo8vSqBkOO8YNStg=,r2uI8TgnT67JrZA0Q2N9P15cqJs=
44,43,D5z5lAsd4hbGo8vSqBkOO8YNStg=,r2uI8TgnT67JrZA0Q2N9P15cqJs=
43,44,D5z5lAsd4hbGo8vSqBkOO8YNStg=,r2uI8TgnT67JrZA0Q2N9P15cqJs=
43,39,D5z5lAsd4hbGo8vSqBkOO8YNStg=,Ap0IUKUxGbYprZUeuwqPI1ahIwg=
44,42,D5z5lAsd4hbGo8vSqBkOO8YNStg=,r2uI8TgnT67JrZA0Q2N9P15cqJs=
44,44,D5z5lAsd4hbGo8vSqBkOO8YNStg=,r2uI8TgnT67JrZA0Q2N9P15cqJs=
43,37,D5z5lAsd4hbGo8vSqBkOO8YNStg=,Ap0IUKUxGbYprZUeuwqPI1ahIwg=
44,41,D5z5lAsd4hbGo8vSqBkOO8YNStg=,r2uI8TgnT67JrZA0Q2N9P15cqJs=
43,41,D5z5lAsd4hbGo8vSqBkOO8YNStg=,r2uI8TgnT67JrZA0Q2N9P15cqJs=
43,42,D5z5lAsd4hbGo8vSqBkOO8YNStg=,r2uI8TgnT67JrZA0Q2N9P15cqJs=
44,37,D5z5lAsd4hbGo8vSqBkOO8YNStg=,Ap0IUKUxGbYprZUeuwqPI1ahIwg=
44,38,D5z5lAsd4hbGo8vSqBkOO8YNStg=,Ap0IUKUxGbYprZUeuwqPI1ahIwg=
44,39,D5z5lAsd4hbGo8vSqBkOO8YNStg=,Ap0IUKUxGbYprZUeuwqPI1ahIwg=
43,38,D5z5lAsd4hbGo8vSqBkOO8YNStg=,Ap0IUKUxGbYprZUeuwqPI1ahIwg=
43,40,D5z5lAsd4hbGo8vSqBkOO8YNStg=,r2uI8TgnT67JrZA0Q2N9P15cqJs=
44,40,D5z5lAsd4hbGo8vSqBkOO8YNStg=,r2uI8TgnT67JrZA0Q2N9P15cqJs=
35,35,D5z5lAsd4hbGo8vSqBkOO8YNStg=,EpKSvGkuSgMGmMFF9dUAGNcbuh4=
36,35,D5z5lAsd4hbGo8vSqBkOO8YNStg=,EpKSvGkuSgMGmMFF9dUAGNcbuh4=
42,35,D5z5lAsd4hbGo8vSqBkOO8YNStg=,Ap0IUKUxGbYprZUeuwqPI1ahIwg=
41,35,D5z5lAsd4hbGo8vSqBkOO8YNStg=,Ap0IUKUxGbYprZUeuwqPI1ahIwg=
40,35,D5z5lAsd4hbGo8vSqBkOO8YNStg=,Ap0IUKUxGbYprZUeuwqPI1ahIwg=
37,35,D5z5lAsd4hbGo8vSqBkOO8YNStg=,EpKSvGkuSgMGmMFF9dUAGNcbuh4=
39,36,D5z5lAsd4hbGo8vSqBkOO8YNStg=,EpKSvGkuSgMGmMFF9dUAGNcbuh4=
38,36,D5z5lAsd4hbGo8vSqBkOO8YNStg=,EpKSvGkuSgMGmMFF9dUAGNcbuh4=
37,36,D5z5lAsd4hbGo8vSqBkOO8YNStg=,EpKSvGkuSgMGmMFF9dUAGNcbuh4=
40,36,D5z5lAsd4hbGo8vSqBkOO8YNStg=,Ap0IUKUxGbYprZUeuwqPI1ahIwg=
36,36,D5z5lAsd4hbGo8vSqBkOO8YNStg=,EpKSvGkuSgMGmMFF9dUAGNcbuh4=
42,36,D5z5lAsd4hbGo8vSqBkOO8YNStg=,Ap0IUKUxGbYprZUeuwqPI1ahIwg=
39,35,D5z5lAsd4hbGo8vSqBkOO8YNStg=,EpKSvGkuSgMGmMFF9dUAGNcbuh4=
35,36,D5z5lAsd4hbGo8vSqBkOO8YNStg=,EpKSvGkuSgMGmMFF9dUAGNcbuh4=
38,35,D5z5lAsd4hbGo8vSqBkOO8YNStg=,EpKSvGkuSgMGmMFF9dUAGNcbuh4=
41,36,D5z5lAsd4hbGo8vSqBkOO8YNStg=,Ap0IUKUxGbYprZUeuwqPI1ahIwg=
35,38,D5z5lAsd4hbGo8vSqBkOO8YNStg=,EpKSvGkuSgMGmMFF9dUAGNcbuh4=
42,43,D5z5lAsd4hbGo8vSqBkOO8YNStg=,r2uI8TgnT67JrZA0Q2N9P15cqJs=
41,43,D5z5lAsd4hbGo8vSqBkOO8YNStg=,r2uI8TgnT67JrZA0Q2N9P15cqJs=
42,39,D5z5lAsd4hbGo8vSqBkOO8YNStg=,Ap0IUKUxGbYprZUeuwqPI1ahIwg=
40,44,D5z5lAsd4hbGo8vSqBkOO8YNStg=,r2uI8TgnT67JrZA0Q2N9P15cqJs=
39,43,D5z5lAsd4hbGo8vSqBkOO8YNStg=,ZiuUeHD4mvgW9XwTkBtC8eCIRu8=
38,43,D5z5lAsd4hbGo8vSqBkOO8YNStg=,ZiuUeHD4mvgW9XwTkBtC8eCIRu8=
41,39,D5z5lAsd4hbGo8vSqBkOO8YNStg=,Ap0IUKUxGbYprZUeuwqPI1ahIwg=
39,41,D5z5lAsd4hbGo8vSqBkOO8YNStg=,ZiuUeHD4mvgW9XwTkBtC8eCIRu8=
37,43,D5z5lAsd4hbGo8vSqBkOO8YNStg=,ZiuUeHD4mvgW9XwTkBtC8eCIRu8=
38,42,D5z5lAsd4hbGo8vSqBkOO8YNStg=,ZiuUeHD4mvgW9XwTkBtC8eCIRu8=
38,41,D5z5lAsd4hbGo8vSqBkOO8YNStg=,ZiuUeHD4mvgW9XwTkBtC8eCIRu8=
37,41,D5z5lAsd4hbGo8vSqBkOO8YNStg=,ZiuUeHD4mvgW9XwTkBtC8eCIRu8=
36,41,D5z5lAsd4hbGo8vSqBkOO8YNStg=,ZiuUeHD4mvgW9XwTkBtC8eCIRu8=
36,38,D5z5lAsd4hbGo8vSqBkOO8YNStg=,EpKSvGkuSgMGmMFF9dUAGNcbuh4=
40,39,D5z5lAsd4hbGo8vSqBkOO8YNStg=,Ap0IUKUxGbYprZUeuwqPI1ahIwg=
35,41,D5z5lAsd4hbGo8vSqBkOO8YNStg=,ZiuUeHD4mvgW9XwTkBtC8eCIRu8=
38,38,D5z5lAsd4hbGo8vSqBkOO8YNStg=,EpKSvGkuSgMGmMFF9dUAGNcbuh4=
39,38,D5z5lAsd4hbGo8vSqBkOO8YNStg=,EpKSvGkuSgMGmMFF9dUAGNcbuh4=
42,37,D5z5lAsd4hbGo8vSqBkOO8YNStg=,Ap0IUKUxGbYprZUeuwqPI1ahIwg=
36,43,D5z5lAsd4hbGo8vSqBkOO8YNStg=,ZiuUeHD4mvgW9XwTkBtC8eCIRu8=
41,44,D5z5lAsd4hbGo8vSqBkOO8YNStg=,r2uI8TgnT67JrZA0Q2N9P15cqJs=
35,43,D5z5lAsd4hbGo8vSqBkOO8YNStg=,ZiuUeHD4mvgW9XwTkBtC8eCIRu8=
42,41,D5z5lAsd4hbGo8vSqBkOO8YNStg=,r2uI8TgnT67JrZA0Q2N9P15cqJs=
36,42,D5z5lAsd4hbGo8vSqBkOO8YNStg=,ZiuUeHD4mvgW9XwTkBtC8eCIRu8=
37,38,D5z5lAsd4hbGo8vSqBkOO8YNStg=,EpKSvGkuSgMGmMFF9dUAGNcbuh4=
35,42,D5z5lAsd4hbGo8vSqBkOO8YNStg=,ZiuUeHD4mvgW9XwTkBtC8eCIRu8=
42,42,D5z5lAsd4hbGo8vSqBkOO8YNStg=,r2uI8TgnT67JrZA0Q2N9P15cqJs=
42,44,D5z5lAsd4hbGo8vSqBkOO8YNStg=,r2uI8TgnT67JrZA0Q2N9P15cqJs=
41,41,D5z5lAsd4hbGo8vSqBkOO8YNStg=,r2uI8TgnT67JrZA0Q2N9P15cqJs=
37,42,D5z5lAsd4hbGo8vSqBkOO8YNStg=,ZiuUeHD4mvgW9XwTkBtC8eCIRu8=
41,37,D5z5lAsd4hbGo8vSqBkOO8YNStg=,Ap0IUKUxGbYprZUeuwqPI1ahIwg=
40,41,D5z5lAsd4hbGo8vSqBkOO8YNStg=,r2uI8TgnT67JrZA0Q2N9P15cqJs=
40,37,D5z5lAsd4hbGo8vSqBkOO8YNStg=,Ap0IUKUxGbYprZUeuwqPI1ahIwg=
39,37,D5z5lAsd4hbGo8vSqBkOO8YNStg=,EpKSvGkuSgMGmMFF9dUAGNcbuh4=
38,37,D5z5lAsd4hbGo8vSqBkOO8YNStg=,EpKSvGkuSgMGmMFF9dUAGNcbuh4=
37,37,D5z5lAsd4hbGo8vSqBkOO8YNStg=,EpKSvGkuSgMGmMFF9dUAGNcbuh4=
36,37,D5z5lAsd4hbGo8vSqBkOO8YNStg=,EpKSvGkuSgMGmMFF9dUAGNcbuh4=
42,38,D5z5lAsd4hbGo8vSqBkOO8YNStg=,Ap0IUKUxGbYprZUeuwqPI1ahIwg=
36,40,D5z5lAsd4hbGo8vSqBkOO8YNStg=,ZiuUeHD4mvgW9XwTkBtC8eCIRu8=
39,40,D5z5lAsd4hbGo8vSqBkOO8YNStg=,ZiuUeHD4mvgW9XwTkBtC8eCIRu8=
37,40,D5z5lAsd4hbGo8vSqBkOO8YNStg=,ZiuUeHD4mvgW9XwTkBtC8eCIRu8=
38,40,D5z5lAsd4hbGo8vSqBkOO8YNStg=,ZiuUeHD4mvgW9XwTkBtC8eCIRu8=
35,39,D5z5lAsd4hbGo8vSqBkOO8YNStg=,EpKSvGkuSgMGmMFF9dUAGNcbuh4=
40,43,D5z5lAsd4hbGo8vSqBkOO8YNStg=,r2uI8TgnT67JrZA0Q2N9P15cqJs=
42,40,D5z5lAsd4hbGo8vSqBkOO8YNStg=,r2uI8TgnT67JrZA0Q2N9P15cqJs=
35,37,D5z5lAsd4hbGo8vSqBkOO8YNStg=,EpKSvGkuSgMGmMFF9dUAGNcbuh4=
35,40,D5z5lAsd4hbGo8vSqBkOO8YNStg=,ZiuUeHD4mvgW9XwTkBtC8eCIRu8=
39,44,D5z5lAsd4hbGo8vSqBkOO8YNStg=,ZiuUeHD4mvgW9XwTkBtC8eCIRu8=
41,42,D5z5lAsd4hbGo8vSqBkOO8YNStg=,r2uI8TgnT67JrZA0Q2N9P15cqJs=
41,38,D5z5lAsd4hbGo8vSqBkOO8YNStg=,Ap0IUKUxGbYprZUeuwqPI1ahIwg=
40,40,D5z5lAsd4hbGo8vSqBkOO8YNStg=,r2uI8TgnT67JrZA0Q2N9P15cqJs=
40,42,D5z5lAsd4hbGo8vSqBkOO8YNStg=,r2uI8TgnT67JrZA0Q2N9P15cqJs=
39,39,D5z5lAsd4hbGo8vSqBkOO8YNStg=,EpKSvGkuSgMGmMFF9dUAGNcbuh4=
41,40,D5z5lAsd4hbGo8vSqBkOO8YNStg=,r2uI8TgnT67JrZA0Q2N9P15cqJs=
40,38,D5z5lAsd4hbGo8vSqBkOO8YNStg=,Ap0IUKUxGbYprZUeuwqPI1ahIwg=
38,39,D5z5lAsd4hbGo8vSqBkOO8YNStg=,EpKSvGkuSgMGmMFF9dUAGNcbuh4=
37,44,D5z5lAsd4hbGo8vSqBkOO8YNStg=,ZiuUeHD4mvgW9XwTkBtC8eCIRu8=
36,44,D5z5lAsd4hbGo8vSqBkOO8YNStg=,ZiuUeHD4mvgW9XwTkBtC8eCIRu8=
38,44,D5z5lAsd4hbGo8vSqBkOO8YNStg=,ZiuUeHD4mvgW9XwTkBtC8eCIRu8=
35,44,D5z5lAsd4hbGo8vSqBkOO8YNStg=,ZiuUeHD4mvgW9XwTkBtC8eCIRu8=
37,39,D5z5lAsd4hbGo8vSqBkOO8YNStg=,EpKSvGkuSgMGmMFF9dUAGNcbuh4=
36,39,D5z5lAsd4hbGo8vSqBkOO8YNStg=,EpKSvGkuSgMGmMFF9dUAGNcbuh4=
39,42,D5z5lAsd4hbGo8vSqBkOO8YNStg=,ZiuUeHD4mvgW9XwTkBtC8eCIRu8=
47,36,D5z5lAsd4hbGo8vSqBkOO8YNStg=,Ap0IUKUxGbYprZUeuwqPI1ahIwg=
46,36,D5z5lAsd4hbGo8vSqBkOO8YNStg=,Ap0IUKUxGbYprZUeuwqPI1ahIwg=
45,35,D5z5lAsd4hbGo8vSqBkOO8YNStg=,Ap0IUKUxGbYprZUeuwqPI1ahIwg=
45,36,D5z5lAsd4hbGo8vSqBkOO8YNStg=,Ap0IUKUxGbYprZUeuwqPI1ahIwg=
47,35,D5z5lAsd4hbGo8vSqBkOO8YNStg=,Ap0IUKUxGbYprZUeuwqPI1ahIwg=
46,35,D5z5lAsd4hbGo8vSqBkOO8YNStg=,Ap0IUKUxGbYprZUeuwqPI1ahIwg=
34,35,O5UKdPbzmGhF1IBqy6p79RgYJBA=,EpKSvGkuSgMGmMFF9dUAGNcbuh4=
33,35,O5UKdPbzmGhF1IBqy6p79RgYJBA=,EpKSvGkuSgMGmMFF9dUAGNcbuh4=
32,35,O5UKdPbzmGhF1IBqy6p79RgYJBA=,EpKSvGkuSgMGmMFF9dUAGNcbuh4=
32,36,O5UKdPbzmGhF1IBqy6p79RgYJBA=,EpKSvGkuSgMGmMFF9dUAGNcbuh4=
34,36,O5UKdPbzmGhF1IBqy6p79RgYJBA=,EpKSvGkuSgMGmMFF9dUAGNcbuh4=
33,36,O5UKdPbzmGhF1IBqy6p79RgYJBA=,EpKSvGkuSgMGmMFF9dUAGNcbuh4=
45,43,O5UKdPbzmGhF1IBqy6p79RgYJBA=,r2uI8TgnT67JrZA0Q2N9P15cqJs=
46,43,O5UKdPbzmGhF1IBqy6p79RgYJBA=,r2uI8TgnT67JrZA0Q2N9P15cqJs=
47,39,O5UKdPbzmGhF1IBqy6p79RgYJBA=,Ap0IUKUxGbYprZUeuwqPI1ahIwg=
47,43,O5UKdPbzmGhF1IBqy6p79RgYJBA=,r2uI8TgnT67JrZA0Q2N9P15cqJs=
45,44,O5UKdPbzmGhF1IBqy6p79RgYJBA=,r2uI8TgnT67JrZA0Q2N9P15cqJs=
46,44,O5UKdPbzmGhF1IBqy6p79RgYJBA=,r2uI8TgnT67JrZA0Q2N9P15cqJs=
47,44,O5UKdPbzmGhF1IBqy6p79RgYJBA=,r2uI8TgnT67JrZA0Q2N9P15cqJs=
45,42,O5UKdPbzmGhF1IBqy6p79RgYJBA=,r2uI8TgnT67JrZA0Q2N9P15cqJs=
47,41,O5UKdPbzmGhF1IBqy6p79RgYJBA=,r2uI8TgnT67JrZA0Q2N9P15cqJs=
46,41,O5UKdPbzmGhF1IBqy6p79RgYJBA=,r2uI8TgnT67JrZA0Q2N9P15cqJs=
45,37,O5UKdPbzmGhF1IBqy6p79RgYJBA=,Ap0IUKUxGbYprZUeuwqPI1ahIwg=
46,38,O5UKdPbzmGhF1IBqy6p79RgYJBA=,Ap0IUKUxGbYprZUeuwqPI1ahIwg=
47,38,O5UKdPbzmGhF1IBqy6p79RgYJBA=,Ap0IUKUxGbYprZUeuwqPI1ahIwg=
46,37,O5UKdPbzmGhF1IBqy6p79RgYJBA=,Ap0IUKUxGbYprZUeuwqPI1ahIwg=
45,41,O5UKdPbzmGhF1IBqy6p79RgYJBA=,r2uI8TgnT67JrZA0Q2N9P15cqJs=
47,40,O5UKdPbzmGhF1IBqy6p79RgYJBA=,r2uI8TgnT67JrZA0Q2N9P15cqJs=
46,40,O5UKdPbzmGhF1IBqy6p79RgYJBA=,r2uI8TgnT67JrZA0Q2N9P15cqJs=
33,39,O5UKdPbzmGhF1IBqy6p79RgYJBA=,EpKSvGkuSgMGmMFF9dUAGNcbuh4=
47,37,O5UKdPbzmGhF1IBqy6p79RgYJBA=,Ap0IUKUxGbYprZUeuwqPI1ahIwg=
46,42,O5UKdPbzmGhF1IBqy6p79RgYJBA=,r2uI8TgnT67JrZA0Q2N9P15cqJs=
32,44,O5UKdPbzmGhF1IBqy6p79RgYJBA=,ZiuUeHD4mvgW9XwTkBtC8eCIRu8=
45,40,O5UKdPbzmGhF1IBqy6p79RgYJBA=,r2uI8TgnT67JrZA0Q2N9P15cqJs=
47,42,O5UKdPbzmGhF1IBqy6p79RgYJBA=,r2uI8TgnT67JrZA0Q2N9P15cqJs=
46,39,O5UKdPbzmGhF1IBqy6p79RgYJBA=,Ap0IUKUxGbYprZUeuwqPI1ahIwg=
45,39,O5UKdPbzmGhF1IBqy6p79RgYJBA=,Ap0IUKUxGbYprZUeuwqPI1ahIwg=
33,44,O5UKdPbzmGhF1IBqy6p79RgYJBA=,ZiuUeHD4mvgW9XwTkBtC8eCIRu8=
32,39,O5UKdPbzmGhF1IBqy6p79RgYJBA=,EpKSvGkuSgMGmMFF9dUAGNcbuh4=
45,38,O5UKdPbzmGhF1IBqy6p79RgYJBA=,Ap0IUKUxGbYprZUeuwqPI1ahIwg=
32,42,O5UKdPbzmGhF1IBqy6p79RgYJBA=,ZiuUeHD4mvgW9XwTkBtC8eCIRu8=
34,38,O5UKdPbzmGhF1IBqy6p79RgYJBA=,EpKSvGkuSgMGmMFF9dUAGNcbuh4=
34,44,O5UKdPbzmGhF1IBqy6p79RgYJBA=,ZiuUeHD4mvgW9XwTkBtC8eCIRu8=
33,38,O5UKdPbzmGhF1IBqy6p79RgYJBA=,EpKSvGkuSgMGmMFF9dUAGNcbuh4=
32,38,O5UKdPbzmGhF1IBqy6p79RgYJBA=,EpKSvGkuSgMGmMFF9dUAGNcbuh4=
34,43,O5UKdPbzmGhF1IBqy6p79RgYJBA=,ZiuUeHD4mvgW9XwTkBtC8eCIRu8=
34,41,O5UKdPbzmGhF1IBqy6p79RgYJBA=,ZiuUeHD4mvgW9XwTkBtC8eCIRu8=
33,41,O5UKdPbzmGhF1IBqy6p79RgYJBA=,ZiuUeHD4mvgW9XwTkBtC8eCIRu8=
34,39,O5UKdPbzmGhF1IBqy6p79RgYJBA=,EpKSvGkuSgMGmMFF9dUAGNcbuh4=
32,41,O5UKdPbzmGhF1IBqy6p79RgYJBA=,ZiuUeHD4mvgW9XwTkBtC8eCIRu8=
34,37,O5UKdPbzmGhF1IBqy6p79RgYJBA=,EpKSvGkuSgMGmMFF9dUAGNcbuh4=
32,37,O5UKdPbzmGhF1IBqy6p79RgYJBA=,EpKSvGkuSgMGmMFF9dUAGNcbuh4=
33,37,O5UKdPbzmGhF1IBqy6p79RgYJBA=,EpKSvGkuSgMGmMFF9dUAGNcbuh4=
34,42,O5UKdPbzmGhF1IBqy6p79RgYJBA=,ZiuUeHD4mvgW9XwTkBtC8eCIRu8=
33,42,O5UKdPbzmGhF1IBqy6p79RgYJBA=,ZiuUeHD4mvgW9XwTkBtC8eCIRu8=
33,43,O5UKdPbzmGhF1IBqy6p79RgYJBA=,ZiuUeHD4mvgW9XwTkBtC8eCIRu8=
34,40,O5UKdPbzmGhF1IBqy6p79RgYJBA=,ZiuUeHD4mvgW9XwTkBtC8eCIRu8=
33,40,O5UKdPbzmGhF1IBqy6p79RgYJBA=,ZiuUeHD4mvgW9XwTkBtC8eCIRu8=
32,43,O5UKdPbzmGhF1IBqy6p79RgYJBA=,ZiuUeHD4mvgW9XwTkBtC8eCIRu8=
32,40,O5UKdPbzmGhF1IBqy6p79RgYJBA=,ZiuUeHD4mvgW9XwTkBtC8eCIRu8=
43,32,O5UKdPbzmGhF1IBqy6p79RgYJBA=,Ap0IUKUxGbYprZUeuwqPI1ahIwg=
47,34,O5UKdPbzmGhF1IBqy6p79RgYJBA=,Ap0IUKUxGbYprZUeuwqPI1ahIwg=
45,34,O5UKdPbzmGhF1IBqy6p79RgYJBA=,Ap0IUKUxGbYprZUeuwqPI1ahIwg=
46,32,O5UKdPbzmGhF1IBqy6p79RgYJBA=,Ap0IUKUxGbYprZUeuwqPI1ahIwg=
47,33,O5UKdPbzmGhF1IBqy6p79RgYJBA=,Ap0IUKUxGbYprZUeuwqPI1ahIwg=
45,32,O5UKdPbzmGhF1IBqy6p79RgYJBA=,Ap0IUKUxGbYprZUeuwqPI1ahIwg=
45,33,O5UKdPbzmGhF1IBqy6p79RgYJBA=,Ap0IUKUxGbYprZUeuwqPI1ahIwg=
47,32,O5UKdPbzmGhF1IBqy6p79RgYJBA=,Ap0IUKUxGbYprZUeuwqPI1ahIwg=
46,33,O5UKdPbzmGhF1IBqy6p79RgYJBA=,Ap0IUKUxGbYprZUeuwqPI1ahIwg=
46,34,O5UKdPbzmGhF1IBqy6p79RgYJBA=,Ap0IUKUxGbYprZUeuwqPI1ahIwg=
44,32,O5UKdPbzmGhF1IBqy6p79RgYJBA=,Ap0IUKUxGbYprZUeuwqPI1ahIwg=
44,34,O5UKdPbzmGhF1IBqy6p79RgYJBA=,Ap0IUKUxGbYprZUeuwqPI1ahIwg=
44,33,O5UKdPbzmGhF1IBqy6p79RgYJBA=,Ap0IUKUxGbYprZUeuwqPI1ahIwg=
43,34,O5UKdPbzmGhF1IBqy6p79RgYJBA=,Ap0IUKUxGbYprZUeuwqPI1ahIwg=
43,33,O5UKdPbzmGhF1IBqy6p79RgYJBA=,Ap0IUKUxGbYprZUeuwqPI1ahIwg=
36,47,O5UKdPbzmGhF1IBqy6p79RgYJBA=,ZiuUeHD4mvgW9XwTkBtC8eCIRu8=
35,47,O5UKdPbzmGhF1IBqy6p79RgYJBA=,ZiuUeHD4mvgW9XwTkBtC8eCIRu8=
36,46,O5UKdPbzmGhF1IBqy6p79RgYJBA=,ZiuUeHD4mvgW9XwTkBtC8eCIRu8=
35,46,O5UKdPbzmGhF1IBqy6p79RgYJBA=,ZiuUeHD4mvgW9XwTkBtC8eCIRu8=
35,45,O5UKdPbzmGhF1IBqy6p79RgYJBA=,ZiuUeHD4mvgW9XwTkBtC8eCIRu8=
36,45,O5UKdPbzmGhF1IBqy6p79RgYJBA=,ZiuUeHD4mvgW9XwTkBtC8eCIRu8=
32,47,O5UKdPbzmGhF1IBqy6p79RgYJBA=,ZiuUeHD4mvgW9XwTkBtC8eCIRu8=
34,46,O5UKdPbzmGhF1IBqy6p79RgYJBA=,ZiuUeHD4mvgW9XwTkBtC8eCIRu8=
32,46,O5UKdPbzmGhF1IBqy6p79RgYJBA=,ZiuUeHD4mvgW9XwTkBtC8eCIRu8=
33,46,O5UKdPbzmGhF1IBqy6p79RgYJBA=,ZiuUeHD4mvgW9XwTkBtC8eCIRu8=
34,45,O5UKdPbzmGhF1IBqy6p79RgYJBA=,ZiuUeHD4mvgW9XwTkBtC8eCIRu8=
34,47,O5UKdPbzmGhF1IBqy6p79RgYJBA=,ZiuUeHD4mvgW9XwTkBtC8eCIRu8=
33,47,O5UKdPbzmGhF1IBqy6p79RgYJBA=,ZiuUeHD4mvgW9XwTkBtC8eCIRu8=
32,45,O5UKdPbzmGhF1IBqy6p79RgYJBA=,ZiuUeHD4mvgW9XwTkBtC8eCIRu8=
33,45,O5UKdPbzmGhF1IBqy6p79RgYJBA=,ZiuUeHD4mvgW9XwTkBtC8eCIRu8=
40,45,O5UKdPbzmGhF1IBqy6p79RgYJBA=,r2uI8TgnT67JrZA0Q2N9P15cqJs=
39,46,O5UKdPbzmGhF1IBqy6p79RgYJBA=,ZiuUeHD4mvgW9XwTkBtC8eCIRu8=
38,46,O5UKdPbzmGhF1IBqy6p79RgYJBA=,ZiuUeHD4mvgW9XwTkBtC8eCIRu8=
37,46,O5UKdPbzmGhF1IBqy6p79RgYJBA=,ZiuUeHD4mvgW9XwTkBtC8eCIRu8=
42,47,O5UKdPbzmGhF1IBqy6p79RgYJBA=,r2uI8TgnT67JrZA0Q2N9P15cqJs=
41,47,O5UKdPbzmGhF1IBqy6p79RgYJBA=,r2uI8TgnT67JrZA0Q2N9P15cqJs=
39,45,O5UKdPbzmGhF1IBqy6p79RgYJBA=,ZiuUeHD4mvgW9XwTkBtC8eCIRu8=
38,45,O5UKdPbzmGhF1IBqy6p79RgYJBA=,ZiuUeHD4mvgW9XwTkBtC8eCIRu8=
40,47,O5UKdPbzmGhF1IBqy6p79RgYJBA=,r2uI8TgnT67JrZA0Q2N9P15cqJs=
37,45,O5UKdPbzmGhF1IBqy6p79RgYJBA=,ZiuUeHD4mvgW9XwTkBtC8eCIRu8=
44,47,O5UKdPbzmGhF1IBqy6p79RgYJBA=,r2uI8TgnT67JrZA0Q2N9P15cqJs=
43,47,O5UKdPbzmGhF1IBqy6p79RgYJBA=,r2uI8TgnT67JrZA0Q2N9P15cqJs=
39,47,O5UKdPbzmGhF1IBqy6p79RgYJBA=,ZiuUeHD4mvgW9XwTkBtC8eCIRu8=
41,46,O5UKdPbzmGhF1IBqy6p79RgYJBA=,r2uI8TgnT67JrZA0Q2N9P15cqJs=
42,46,O5UKdPbzmGhF1IBqy6p79RgYJBA=,r2uI8TgnT67JrZA0Q2N9P15cqJs=
38,47,O5UKdPbzmGhF1IBqy6p79RgYJBA=,ZiuUeHD4mvgW9XwTkBtC8eCIRu8=
37,47,O5UKdPbzmGhF1IBqy6p79RgYJBA=,ZiuUeHD4mvgW9XwTkBtC8eCIRu8=
40,46,O5UKdPbzmGhF1IBqy6p79RgYJBA=,r2uI8TgnT67JrZA0Q2N9P15cqJs=
43,46,O5UKdPbzmGhF1IBqy6p79RgYJBA=,r2uI8TgnT67JrZA0Q2N9P15cqJs=
42,45,O5UKdPbzmGhF1IBqy6p79RgYJBA=,r2uI8TgnT67JrZA0Q2N9P15cqJs=
43,45,O5UKdPbzmGhF1IBqy6p79RgYJBA=,r2uI8TgnT67JrZA0Q2N9P15cqJs=
41,45,O5UKdPbzmGhF1IBqy6p79RgYJBA=,r2uI8TgnT67JrZA0Q2N9P15cqJs=
44,46,O5UKdPbzmGhF1IBqy6p79RgYJBA=,r2uI8TgnT67JrZA0Q2N9P15cqJs=
44,45,O5UKdPbzmGhF1IBqy6p79RgYJBA=,r2uI8TgnT67JrZA0Q2N9P15cqJs=
45,45,O5UKdPbzmGhF1IBqy6p79RgYJBA=,r2uI8TgnT67JrZA0Q2N9P15cqJs=
47,47,O5UKdPbzmGhF1IBqy6p79RgYJBA=,r2uI8TgnT67JrZA0Q2N9P15cqJs=
46,45,O5UKdPbzmGhF1IBqy6p79RgYJBA=,r2uI8TgnT67JrZA0Q2N9P15cqJs=
47,45,O5UKdPbzmGhF1IBqy6p79RgYJBA=,r2uI8TgnT67JrZA0Q2N9P15cqJs=
46,47,O5UKdPbzmGhF1IBqy6p79RgYJBA=,r2uI8TgnT67JrZA0Q2N9P15cqJs=
45,47,O5UKdPbzmGhF1IBqy6p79RgYJBA=,r2uI8TgnT67JrZA0Q2N9P15cqJs=
45,46,O5UKdPbzmGhF1IBqy6p79RgYJBA=,r2uI8TgnT67JrZA0Q2N9P15cqJs=
46,46,O5UKdPbzmGhF1IBqy6p79RgYJBA=,r2uI8TgnT67JrZA0Q2N9P15cqJs=
47,46,O5UKdPbzmGhF1IBqy6p79RgYJBA=,r2uI8TgnT67JrZA0Q2N9P15cqJs=
40,34,o4egMPw2vI3QdEUomt02vM/f8KI=,Ap0IUKUxGbYprZUeuwqPI1ahIwg=
40,33,o4egMPw2vI3QdEUomt02vM/f8KI=,Ap0IUKUxGbYprZUeuwqPI1ahIwg=
32,33,o4egMPw2vI3QdEUomt02vM/f8KI=,EpKSvGkuSgMGmMFF9dUAGNcbuh4=
33,34,o4egMPw2vI3QdEUomt02vM/f8KI=,EpKSvGkuSgMGmMFF9dUAGNcbuh4=
41,34,o4egMPw2vI3QdEUomt02vM/f8KI=,Ap0IUKUxGbYprZUeuwqPI1ahIwg=
41,33,o4egMPw2vI3QdEUomt02vM/f8KI=,Ap0IUKUxGbYprZUeuwqPI1ahIwg=
42,34,o4egMPw2vI3QdEUomt02vM/f8KI=,Ap0IUKUxGbYprZUeuwqPI1ahIwg=
34,34,o4egMPw2vI3QdEUomt02vM/f8KI=,EpKSvGkuSgMGmMFF9dUAGNcbuh4=
37,32,o4egMPw2vI3QdEUomt02vM/f8KI=,EpKSvGkuSgMGmMFF9dUAGNcbuh4=
36,32,o4egMPw2vI3QdEUomt02vM/f8KI=,EpKSvGkuSgMGmMFF9dUAGNcbuh4=
39,32,o4egMPw2vI3QdEUomt02vM/f8KI=,EpKSvGkuSgMGmMFF9dUAGNcbuh4=
35,32,o4egMPw2vI3QdEUomt02vM/f8KI=,EpKSvGkuSgMGmMFF9dUAGNcbuh4=
42,33,o4egMPw2vI3QdEUomt02vM/f8KI=,Ap0IUKUxGbYprZUeuwqPI1ahIwg=
38,32,o4egMPw2vI3QdEUomt02vM/f8KI=,EpKSvGkuSgMGmMFF9dUAGNcbuh4=
39,33,o4egMPw2vI3QdEUomt02vM/f8KI=,EpKSvGkuSgMGmMFF9dUAGNcbuh4=
38,33,o4egMPw2vI3QdEUomt02vM/f8KI=,EpKSvGkuSgMGmMFF9dUAGNcbuh4=
32,34,o4egMPw2vI3QdEUomt02vM/f8KI=,EpKSvGkuSgMGmMFF9dUAGNcbuh4=
39,34,o4egMPw2vI3QdEUomt02vM/f8KI=,EpKSvGkuSgMGmMFF9dUAGNcbuh4=
34,32,o4egMPw2vI3QdEUomt02vM/f8KI=,EpKSvGkuSgMGmMFF9dUAGNcbuh4=
42,32,o4egMPw2vI3QdEUomt02vM/f8KI=,Ap0IUKUxGbYprZUeuwqPI1ahIwg=
35,34,o4egMPw2vI3QdEUomt02vM/f8KI=,EpKSvGkuSgMGmMFF9dUAGNcbuh4=
32,32,o4egMPw2vI3QdEUomt02vM/f8KI=,EpKSvGkuSgMGmMFF9dUAGNcbuh4=
41,32,o4egMPw2vI3QdEUomt02vM/f8KI=,Ap0IUKUxGbYprZUeuwqPI1ahIwg=
33,32,o4egMPw2vI3QdEUomt02vM/f8KI=,EpKSvGkuSgMGmMFF9dUAGNcbuh4=
40,32,o4egMPw2vI3QdEUomt02vM/f8KI=,Ap0IUKUxGbYprZUeuwqPI1ahIwg=
36,34,o4egMPw2vI3QdEUomt02vM/f8KI=,EpKSvGkuSgMGmMFF9dUAGNcbuh4=
37,34,o4egMPw2vI3QdEUomt02vM/f8KI=,EpKSvGkuSgMGmMFF9dUAGNcbuh4=
36,33,o4egMPw2vI3QdEUomt02vM/f8KI=,EpKSvGkuSgMGmMFF9dUAGNcbuh4=
38,34,o4egMPw2vI3QdEUomt02vM/f8KI=,EpKSvGkuSgMGmMFF9dUAGNcbuh4=
33,33,o4egMPw2vI3QdEUomt02vM/f8KI=,EpKSvGkuSgMGmMFF9dUAGNcbuh4=
37,33,o4egMPw2vI3QdEUomt02vM/f8KI=,EpKSvGkuSgMGmMFF9dUAGNcbuh4=
34,33,o4egMPw2vI3QdEUomt02vM/f8KI=,EpKSvGkuSgMGmMFF9dUAGNcbuh4=
35,33,o4egMPw2vI3QdEUomt02vM/f8KI=,EpKSvGkuSgMGmMFF9dUAGNcbuh4=
35,51,o4egMPw2vI3QdEUomt02vM/f8KI=,S38aVyM8nBlXKCQFeLiHD2mJhHY=
36,51,o4egMPw2vI3QdEUomt02vM/f8KI=,S38aVyM8nBlXKCQFeLiHD2mJhHY=
36,52,o4egMPw2vI3QdEUomt02vM/f8KI=,S38aVyM8nBlXKCQFeLiHD2mJhHY=
35,52,o4egMPw2vI3QdEUomt02vM/f8KI=,S38aVyM8nBlXKCQFeLiHD2mJhHY=
35,53,o4egMPw2vI3QdEUomt02vM/f8KI=,S38aVyM8nBlXKCQFeLiHD2mJhHY=
36,53,o4egMPw2vI3QdEUomt02vM/f8KI=,S38aVyM8nBlXKCQFeLiHD2mJhHY=
36,55,o4egMPw2vI3QdEUomt02vM/f8KI=,S38aVyM8nBlXKCQFeLiHD2mJhHY=
35,55,o4egMPw2vI3QdEUomt02vM/f8KI=,S38aVyM8nBlXKCQFeLiHD2mJhHY=
36,54,o4egMPw2vI3QdEUomt02vM/f8KI=,S38aVyM8nBlXKCQFeLiHD2mJhHY=
35,54,o4egMPw2vI3QdEUomt02vM/f8KI=,S38aVyM8nBlXKCQFeLiHD2mJhHY=
35,49,7UEp/B4ECf9QQOMce0gbS3SHwg8=,S38aVyM8nBlXKCQFeLiHD2mJhHY=
35,50,7UEp/B4ECf9QQOMce0gbS3SHwg8=,S38aVyM8nBlXKCQFeLiHD2mJhHY=
36,49,7UEp/B4ECf9QQOMce0gbS3SHwg8=,S38aVyM8nBlXKCQFeLiHD2mJhHY=
36,50,7UEp/B4ECf9QQOMce0gbS3SHwg8=,S38aVyM8nBlXKCQFeLiHD2mJhHY=
36,48,7UEp/B4ECf9QQOMce0gbS3SHwg8=,S38aVyM8nBlXKCQFeLiHD2mJhHY=
35,48,7UEp/B4ECf9QQOMce0gbS3SHwg8=,S38aVyM8nBlXKCQFeLiHD2mJhHY=
32,54,7UEp/B4ECf9QQOMce0gbS3SHwg8=,S38aVyM8nBlXKCQFeLiHD2mJhHY=
33,53,7UEp/B4ECf9QQOMce0gbS3SHwg8=,S38aVyM8nBlXKCQFeLiHD2mJhHY=
32,55,7UEp/B4ECf9QQOMce0gbS3SHwg8=,S38aVyM8nBlXKCQFeLiHD2mJhHY=
32,53,7UEp/B4ECf9QQOMce0gbS3SHwg8=,S38aVyM8nBlXKCQFeLiHD2mJhHY=
34,55,7UEp/B4ECf9QQOMce0gbS3SHwg8=,S38aVyM8nBlXKCQFeLiHD2mJhHY=
34,52,7UEp/B4ECf9QQOMce0gbS3SHwg8=,S38aVyM8nBlXKCQFeLiHD2mJhHY=
33,55,7UEp/B4ECf9QQOMce0gbS3SHwg8=,S38aVyM8nBlXKCQFeLiHD2mJhHY=
33,52,7UEp/B4ECf9QQOMce0gbS3SHwg8=,S38aVyM8nBlXKCQFeLiHD2mJhHY=
34,54,7UEp/B4ECf9QQOMce0gbS3SHwg8=,S38aVyM8nBlXKCQFeLiHD2mJhHY=
32,52,7UEp/B4ECf9QQOMce0gbS3SHwg8=,S38aVyM8nBlXKCQFeLiHD2mJhHY=
33,54,7UEp/B4ECf9QQOMce0gbS3SHwg8=,S38aVyM8nBlXKCQFeLiHD2mJhHY=
34,51,7UEp/B4ECf9QQOMce0gbS3SHwg8=,S38aVyM8nBlXKCQFeLiHD2mJhHY=
33,51,7UEp/B4ECf9QQOMce0gbS3SHwg8=,S38aVyM8nBlXKCQFeLiHD2mJhHY=
32,51,7UEp/B4ECf9QQOMce0gbS3SHwg8=,S38aVyM8nBlXKCQFeLiHD2mJhHY=
34,53,7UEp/B4ECf9QQOMce0gbS3SHwg8=,S38aVyM8nBlXKCQFeLiHD2mJhHY=
40,52,7UEp/B4ECf9QQOMce0gbS3SHwg8=,/wnjakKZwwLEtRdmH3ONLNY1yqM=
41,52,7UEp/B4ECf9QQOMce0gbS3SHwg8=,/wnjakKZwwLEtRdmH3ONLNY1yqM=
42,52,7UEp/B4ECf9QQOMce0gbS3SHwg8=,/wnjakKZwwLEtRdmH3ONLNY1yqM=
43,52,7UEp/B4ECf9QQOMce0gbS3SHwg8=,/wnjakKZwwLEtRdmH3ONLNY1yqM=
44,52,7UEp/B4ECf9QQOMce0gbS3SHwg8=,/wnjakKZwwLEtRdmH3ONLNY1yqM=
42,48,7UEp/B4ECf9QQOMce0gbS3SHwg8=,/wnjakKZwwLEtRdmH3ONLNY1yqM=
41,48,7UEp/B4ECf9QQOMce0gbS3SHwg8=,/wnjakKZwwLEtRdmH3ONLNY1yqM=
43,54,7UEp/B4ECf9QQOMce0gbS3SHwg8=,/wnjakKZwwLEtRdmH3ONLNY1yqM=
44,54,7UEp/B4ECf9QQOMce0gbS3SHwg8=,/wnjakKZwwLEtRdmH3ONLNY1yqM=
39,55,7UEp/B4ECf9QQOMce0gbS3SHwg8=,S38aVyM8nBlXKCQFeLiHD2mJhHY=
39,52,7UEp/B4ECf9QQOMce0gbS3SHwg8=,S38aVyM8nBlXKCQFeLiHD2mJhHY=
41,51,7UEp/B4ECf9QQOMce0gbS3SHwg8=,/wnjakKZwwLEtRdmH3ONLNY1yqM=
44,55,7UEp/B4ECf9QQOMce0gbS3SHwg8=,/wnjakKZwwLEtRdmH3ONLNY1yqM=
40,48,7UEp/B4ECf9QQOMce0gbS3SHwg8=,/wnjakKZwwLEtRdmH3ONLNY1yqM=
43,55,7UEp/B4ECf9QQOMce0gbS3SHwg8=,/wnjakKZwwLEtRdmH3ONLNY1yqM=
40,51,7UEp/B4ECf9QQOMce0gbS3SHwg8=,/wnjakKZwwLEtRdmH3ONLNY1yqM=
38,55,7UEp/B4ECf9QQOMce0gbS3SHwg8=,S38aVyM8nBlXKCQFeLiHD2mJhHY=
42,54,7UEp/B4ECf9QQOMce0gbS3SHwg8=,/wnjakKZwwLEtRdmH3ONLNY1yqM=
39,53,7UEp/B4ECf9QQOMce0gbS3SHwg8=,S38aVyM8nBlXKCQFeLiHD2mJhHY=
44,51,7UEp/B4ECf9QQOMce0gbS3SHwg8=,/wnjakKZwwLEtRdmH3ONLNY1yqM=
37,55,7UEp/B4ECf9QQOMce0gbS3SHwg8=,S38aVyM8nBlXKCQFeLiHD2mJhHY=
41,54,7UEp/B4ECf9QQOMce0gbS3SHwg8=,/wnjakKZwwLEtRdmH3ONLNY1yqM=
40,54,7UEp/B4ECf9QQOMce0gbS3SHwg8=,/wnjakKZwwLEtRdmH3ONLNY1yqM=
42,50,7UEp/B4ECf9QQOMce0gbS3SHwg8=,/wnjakKZwwLEtRdmH3ONLNY1yqM=
41,50,7UEp/B4ECf9QQOMce0gbS3SHwg8=,/wnjakKZwwLEtRdmH3ONLNY1yqM=
39,54,7UEp/B4ECf9QQOMce0gbS3SHwg8=,S38aVyM8nBlXKCQFeLiHD2mJhHY=
40,50,7UEp/B4ECf9QQOMce0gbS3SHwg8=,/wnjakKZwwLEtRdmH3ONLNY1yqM=
38,54,7UEp/B4ECf9QQOMce0gbS3SHwg8=,S38aVyM8nBlXKCQFeLiHD2mJhHY=
38,53,7UEp/B4ECf9QQOMce0gbS3SHwg8=,S38aVyM8nBlXKCQFeLiHD2mJhHY=
44,53,7UEp/B4ECf9QQOMce0gbS3SHwg8=,/wnjakKZwwLEtRdmH3ONLNY1yqM=
42,53,7UEp/B4ECf9QQOMce0gbS3SHwg8=,/wnjakKZwwLEtRdmH3ONLNY1yqM=
43,53,7UEp/B4ECf9QQOMce0gbS3SHwg8=,/wnjakKZwwLEtRdmH3ONLNY1yqM=
37,54,7UEp/B4ECf9QQOMce0gbS3SHwg8=,S38aVyM8nBlXKCQFeLiHD2mJhHY=
44,50,7UEp/B4ECf9QQOMce0gbS3SHwg8=,/wnjakKZwwLEtRdmH3ONLNY1yqM=
43,48,7UEp/B4ECf9QQOMce0gbS3SHwg8=,/wnjakKZwwLEtRdmH3ONLNY1yqM=
37,50,7UEp/B4ECf9QQOMce0gbS3SHwg8=,S38aVyM8nBlXKCQFeLiHD2mJhHY=
38,50,7UEp/B4ECf9QQOMce0gbS3SHwg8=,S38aVyM8nBlXKCQFeLiHD2mJhHY=
43,50,7UEp/B4ECf9QQOMce0gbS3SHwg8=,/wnjakKZwwLEtRdmH3ONLNY1yqM=
42,51,7UEp/B4ECf9QQOMce0gbS3SHwg8=,/wnjakKZwwLEtRdmH3ONLNY1yqM=
43,49,7UEp/B4ECf9QQOMce0gbS3SHwg8=,/wnjakKZwwLEtRdmH3ONLNY1yqM=
39,49,7UEp/B4ECf9QQOMce0gbS3SHwg8=,S38aVyM8nBlXKCQFeLiHD2mJhHY=
38,52,7UEp/B4ECf9QQOMce0gbS3SHwg8=,S38aVyM8nBlXKCQFeLiHD2mJhHY=
39,50,7UEp/B4ECf9QQOMce0gbS3SHwg8=,S38aVyM8nBlXKCQFeLiHD2mJhHY=
40,55,7UEp/B4ECf9QQOMce0gbS3SHwg8=,/wnjakKZwwLEtRdmH3ONLNY1yqM=
41,55,7UEp/B4ECf9QQOMce0gbS3SHwg8=,/wnjakKZwwLEtRdmH3ONLNY1yqM=
37,51,7UEp/B4ECf9QQOMce0gbS3SHwg8=,S38aVyM8nBlXKCQFeLiHD2mJhHY=
38,51,7UEp/B4ECf9QQOMce0gbS3SHwg8=,S38aVyM8nBlXKCQFeLiHD2mJhHY=
37,49,7UEp/B4ECf9QQOMce0gbS3SHwg8=,S38aVyM8nBlXKCQFeLiHD2mJhHY=
42,55,7UEp/B4ECf9QQOMce0gbS3SHwg8=,/wnjakKZwwLEtRdmH3ONLNY1yqM=
43,51,7UEp/B4ECf9QQOMce0gbS3SHwg8=,/wnjakKZwwLEtRdmH3ONLNY1yqM=
40,49,7UEp/B4ECf9QQOMce0gbS3SHwg8=,/wnjakKZwwLEtRdmH3ONLNY1yqM=
37,52,7UEp/B4ECf9QQOMce0gbS3SHwg8=,S38aVyM8nBlXKCQFeLiHD2mJhHY=
37,53,7UEp/B4ECf9QQOMce0gbS3SHwg8=,S38aVyM8nBlXKCQFeLiHD2mJhHY=
38,49,7UEp/B4ECf9QQOMce0gbS3SHwg8=,S38aVyM8nBlXKCQFeLiHD2mJhHY=
41,53,7UEp/B4ECf9QQOMce0gbS3SHwg8=,/wnjakKZwwLEtRdmH3ONLNY1yqM=
40,53,7UEp/B4ECf9QQOMce0gbS3SHwg8=,/wnjakKZwwLEtRdmH3ONLNY1yqM=
39,51,7UEp/B4ECf9QQOMce0gbS3SHwg8=,S38aVyM8nBlXKCQFeLiHD2mJhHY=
41,49,7UEp/B4ECf9QQOMce0gbS3SHwg8=,/wnjakKZwwLEtRdmH3ONLNY1yqM=
44,49,7UEp/B4ECf9QQOMce0gbS3SHwg8=,/wnjakKZwwLEtRdmH3ONLNY1yqM=
42,49,7UEp/B4ECf9QQOMce0gbS3SHwg8=,/wnjakKZwwLEtRdmH3ONLNY1yqM=
39,48,7UEp/B4ECf9QQOMce0gbS3SHwg8=,S38aVyM8nBlXKCQFeLiHD2mJhHY=
38,48,7UEp/B4ECf9QQOMce0gbS3SHwg8=,S38aVyM8nBlXKCQFeLiHD2mJhHY=
37,48,7UEp/B4ECf9QQOMce0gbS3SHwg8=,S38aVyM8nBlXKCQFeLiHD2mJhHY=
44,48,7UEp/B4ECf9QQOMce0gbS3SHwg8=,/wnjakKZwwLEtRdmH3ONLNY1yqM=
47,55,7UEp/B4ECf9QQOMce0gbS3SHwg8=,/wnjakKZwwLEtRdmH3ONLNY1yqM=
46,52,7UEp/B4ECf9QQOMce0gbS3SHwg8=,/wnjakKZwwLEtRdmH3ONLNY1yqM=
46,55,7UEp/B4ECf9QQOMce0gbS3SHwg8=,/wnjakKZwwLEtRdmH3ONLNY1yqM=
45,52,7UEp/B4ECf9QQOMce0gbS3SHwg8=,/wnjakKZwwLEtRdmH3ONLNY1yqM=
47,54,7UEp/B4ECf9QQOMce0gbS3SHwg8=,/wnjakKZwwLEtRdmH3ONLNY1yqM=
45,54,7UEp/B4ECf9QQOMce0gbS3SHwg8=,/wnjakKZwwLEtRdmH3ONLNY1yqM=
45,55,7UEp/B4ECf9QQOMce0gbS3SHwg8=,/wnjakKZwwLEtRdmH3ONLNY1yqM=
46,54,7UEp/B4ECf9QQOMce0gbS3SHwg8=,/wnjakKZwwLEtRdmH3ONLNY1yqM=
47,51,7UEp/B4ECf9QQOMce0gbS3SHwg8=,/wnjakKZwwLEtRdmH3ONLNY1yqM=
47,53,7UEp/B4ECf9QQOMce0gbS3SHwg8=,/wnjakKZwwLEtRdmH3ONLNY1yqM=
46,51,7UEp/B4ECf9QQOMce0gbS3SHwg8=,/wnjakKZwwLEtRdmH3ONLNY1yqM=
47,52,7UEp/B4ECf9QQOMce0gbS3SHwg8=,/wnjakKZwwLEtRdmH3ONLNY1yqM=
45,48,7UEp/B4ECf9QQOMce0gbS3SHwg8=,/wnjakKZwwLEtRdmH3ONLNY1yqM=
46,53,7UEp/B4ECf9QQOMce0gbS3SHwg8=,/wnjakKZwwLEtRdmH3ONLNY1yqM=
45,51,7UEp/B4ECf9QQOMce0gbS3SHwg8=,/wnjakKZwwLEtRdmH3ONLNY1yqM=
47,50,7UEp/B4ECf9QQOMce0gbS3SHwg8=,/wnjakKZwwLEtRdmH3ONLNY1yqM=
45,53,7UEp/B4ECf9QQOMce0gbS3SHwg8=,/wnjakKZwwLEtRdmH3ONLNY1yqM=
46,50,7UEp/B4ECf9QQOMce0gbS3SHwg8=,/wnjakKZwwLEtRdmH3ONLNY1yqM=
45,50,7UEp/B4ECf9QQOMce0gbS3SHwg8=,/wnjakKZwwLEtRdmH3ONLNY1yqM=
47,49,7UEp/B4ECf9QQOMce0gbS3SHwg8=,/wnjakKZwwLEtRdmH3ONLNY1yqM=
46,48,7UEp/B4ECf9QQOMce0gbS3SHwg8=,/wnjakKZwwLEtRdmH3ONLNY1yqM=
46,49,7UEp/B4ECf9QQOMce0gbS3SHwg8=,/wnjakKZwwLEtRdmH3ONLNY1yqM=
47,48,7UEp/B4ECf9QQOMce0gbS3SHwg8=,/wnjakKZwwLEtRdmH3ONLNY1yqM=
45,49,7UEp/B4ECf9QQOMce0gbS3SHwg8=,/wnjakKZwwLEtRdmH3ONLNY1yqM=
32,50,7UEp/B4ECf9QQOMce0gbS3SHwg8=,S38aVyM8nBlXKCQFeLiHD2mJhHY=
33,50,7UEp/B4ECf9QQOMce0gbS3SHwg8=,S38aVyM8nBlXKCQFeLiHD2mJhHY=
34,49,7UEp/B4ECf9QQOMce0gbS3SHwg8=,S38aVyM8nBlXKCQFeLiHD2mJhHY=
34,50,7UEp/B4ECf9QQOMce0gbS3SHwg8=,S38aVyM8nBlXKCQFeLiHD2mJhHY=
33,49,7UEp/B4ECf9QQOMce0gbS3SHwg8=,S38aVyM8nBlXKCQFeLiHD2mJhHY=
32,49,7UEp/B4ECf9QQOMce0gbS3SHwg8=,S38aVyM8nBlXKCQFeLiHD2mJhHY=
33,48,7UEp/B4ECf9QQOMce0gbS3SHwg8=,S38aVyM8nBlXKCQFeLiHD2mJhHY=
32,48,7UEp/B4ECf9QQOMce0gbS3SHwg8=,S38aVyM8nBlXKCQFeLiHD2mJhHY=
34,48,7UEp/B4ECf9QQOMce0gbS3SHwg8=,S38aVyM8nBlXKCQFeLiHD2mJhHY=
60,55,iAwmcyTKwaX+pXp4juRZl92VECE=,663VAjn3+XtevtqiGwukkUr2XyE=
59,55,iAwmcyTKwaX+pXp4juRZl92VECE=,663VAjn3+XtevtqiGwukkUr2XyE=
59,53,iAwmcyTKwaX+pXp4juRZl92VECE=,663VAjn3+XtevtqiGwukkUr2XyE=
60,51,iAwmcyTKwaX+pXp4juRZl92VECE=,663VAjn3+XtevtqiGwukkUr2XyE=
59,51,iAwmcyTKwaX+pXp4juRZl92VECE=,663VAjn3+XtevtqiGwukkUr2XyE=
60,54,iAwmcyTKwaX+pXp4juRZl92VECE=,663VAjn3+XtevtqiGwukkUr2XyE=
59,54,iAwmcyTKwaX+pXp4juRZl92VECE=,663VAjn3+XtevtqiGwukkUr2XyE=
60,52,iAwmcyTKwaX+pXp4juRZl92VECE=,663VAjn3+XtevtqiGwukkUr2XyE=
59,52,iAwmcyTKwaX+pXp4juRZl92VECE=,663VAjn3+XtevtqiGwukkUr2XyE=
60,53,iAwmcyTKwaX+pXp4juRZl92VECE=,663VAjn3+XtevtqiGwukkUr2XyE=
62,52,iAwmcyTKwaX+pXp4juRZl92VECE=,663VAjn3+XtevtqiGwukkUr2XyE=
63,52,iAwmcyTKwaX+pXp4juRZl92VECE=,663VAjn3+XtevtqiGwukkUr2XyE=
63,51,iAwmcyTKwaX+pXp4juRZl92VECE=,663VAjn3+XtevtqiGwukkUr2XyE=
62,51,iAwmcyTKwaX+pXp4juRZl92VECE=,663VAjn3+XtevtqiGwukkUr2XyE=
61,51,iAwmcyTKwaX+pXp4juRZl92VECE=,663VAjn3+XtevtqiGwukkUr2XyE=
61,52,iAwmcyTKwaX+pXp4juRZl92VECE=,663VAjn3+XtevtqiGwukkUr2XyE=
59,49,iAwmcyTKwaX+pXp4juRZl92VECE=,663VAjn3+XtevtqiGwukkUr2XyE=
60,49,iAwmcyTKwaX+pXp4juRZl92VECE=,663VAjn3+XtevtqiGwukkUr2XyE=
59,50,iAwmcyTKwaX+pXp4juRZl92VECE=,663VAjn3+XtevtqiGwukkUr2XyE=
60,48,iAwmcyTKwaX+pXp4juRZl92VECE=,663VAjn3+XtevtqiGwukkUr2XyE=
59,48,iAwmcyTKwaX+pXp4juRZl92VECE=,663VAjn3+XtevtqiGwukkUr2XyE=
60,50,iAwmcyTKwaX+pXp4juRZl92VECE=,663VAjn3+XtevtqiGwukkUr2XyE=
61,55,iAwmcyTKwaX+pXp4juRZl92VECE=,663VAjn3+XtevtqiGwukkUr2XyE=
63,55,iAwmcyTKwaX+pXp4juRZl92VECE=,663VAjn3+XtevtqiGwukkUr2XyE=
63,54,iAwmcyTKwaX+pXp4juRZl92VECE=,663VAjn3+XtevtqiGwukkUr2XyE=
62,54,iAwmcyTKwaX+pXp4juRZl92VECE=,663VAjn3+XtevtqiGwukkUr2XyE=
61,54,iAwmcyTKwaX+pXp4juRZl92VECE=,663VAjn3+XtevtqiGwukkUr2XyE=
62,55,iAwmcyTKwaX+pXp4juRZl92VECE=,663VAjn3+XtevtqiGwukkUr2XyE=
63,53,iAwmcyTKwaX+pXp4juRZl92VECE=,663VAjn3+XtevtqiGwukkUr2XyE=
62,53,iAwmcyTKwaX+pXp4juRZl92VECE=,663VAjn3+XtevtqiGwukkUr2XyE=
61,53,iAwmcyTKwaX+pXp4juRZl92VECE=,663VAjn3+XtevtqiGwukkUr2XyE=
61,49,iAwmcyTKwaX+pXp4juRZl92VECE=,663VAjn3+XtevtqiGwukkUr2XyE=
63,48,iAwmcyTKwaX+pXp4juRZl92VECE=,663VAjn3+XtevtqiGwukkUr2XyE=
62,48,iAwmcyTKwaX+pXp4juRZl92VECE=,663VAjn3+XtevtqiGwukkUr2XyE=
61,48,iAwmcyTKwaX+pXp4juRZl92VECE=,663VAjn3+XtevtqiGwukkUr2XyE=
63,50,iAwmcyTKwaX+pXp4juRZl92VECE=,663VAjn3+XtevtqiGwukkUr2XyE=
62,50,iAwmcyTKwaX+pXp4juRZl92VECE=,663VAjn3+XtevtqiGwukkUr2XyE=
61,50,iAwmcyTKwaX+pXp4juRZl92VECE=,663VAjn3+XtevtqiGwukkUr2XyE=
63,49,iAwmcyTKwaX+pXp4juRZl92VECE=,663VAjn3+XtevtqiGwukkUr2XyE=
62,49,iAwmcyTKwaX+pXp4juRZl92VECE=,663VAjn3+XtevtqiGwukkUr2XyE=
54,53,T6PsXVVL7Rvv7zRiUW98IZIxsTo=,fJlMvnd4Mnv+0uqnKpH8wARnaaA=
49,53,T6PsXVVL7Rvv7zRiUW98IZIxsTo=,fJlMvnd4Mnv+0uqnKpH8wARnaaA=
48,53,T6PsXVVL7Rvv7zRiUW98IZIxsTo=,fJlMvnd4Mnv+0uqnKpH8wARnaaA=
57,55,T6PsXVVL7Rvv7zRiUW98IZIxsTo=,663VAjn3+XtevtqiGwukkUr2XyE=
55,53,T6PsXVVL7Rvv7zRiUW98IZIxsTo=,fJlMvnd4Mnv+0uqnKpH8wARnaaA=
58,55,T6PsXVVL7Rvv7zRiUW98IZIxsTo=,663VAjn3+XtevtqiGwukkUr2XyE=
55,51,T6PsXVVL7Rvv7zRiUW98IZIxsTo=,fJlMvnd4Mnv+0uqnKpH8wARnaaA=
56,55,T6PsXVVL7Rvv7zRiUW98IZIxsTo=,663VAjn3+XtevtqiGwukkUr2XyE=
58,51,T6PsXVVL7Rvv7zRiUW98IZIxsTo=,663VAjn3+XtevtqiGwukkUr2XyE=
55,52,T6PsXVVL7Rvv7zRiUW98IZIxsTo=,fJlMvnd4Mnv+0uqnKpH8wARnaaA=
58,53,T6PsXVVL7Rvv7zRiUW98IZIxsTo=,663VAjn3+XtevtqiGwukkUr2XyE=
54,51,T6PsXVVL7Rvv7zRiUW98IZIxsTo=,fJlMvnd4Mnv+0uqnKpH8wARnaaA=
57,51,T6PsXVVL7Rvv7zRiUW98IZIxsTo=,663VAjn3+XtevtqiGwukkUr2XyE=
55,50,T6PsXVVL7Rvv7zRiUW98IZIxsTo=,fJlMvnd4Mnv+0uqnKpH8wARnaaA=
53,53,T6PsXVVL7Rvv7zRiUW98IZIxsTo=,fJlMvnd4Mnv+0uqnKpH8wARnaaA=
58,48,T6PsXVVL7Rvv7zRiUW98IZIxsTo=,663VAjn3+XtevtqiGwukkUr2XyE=
56,51,T6PsXVVL7Rvv7zRiUW98IZIxsTo=,663VAjn3+XtevtqiGwukkUr2XyE=
57,48,T6PsXVVL7Rvv7zRiUW98IZIxsTo=,663VAjn3+XtevtqiGwukkUr2XyE=
53,51,T6PsXVVL7Rvv7zRiUW98IZIxsTo=,fJlMvnd4Mnv+0uqnKpH8wARnaaA=
52,53,T6PsXVVL7Rvv7zRiUW98IZIxsTo=,fJlMvnd4Mnv+0uqnKpH8wARnaaA=
58,54,T6PsXVVL7Rvv7zRiUW98IZIxsTo=,663VAjn3+XtevtqiGwukkUr2XyE=
57,54,T6PsXVVL7Rvv7zRiUW98IZIxsTo=,663VAjn3+XtevtqiGwukkUr2XyE=
54,50,T6PsXVVL7Rvv7zRiUW98IZIxsTo=,fJlMvnd4Mnv+0uqnKpH8wARnaaA=
56,54,T6PsXVVL7Rvv7zRiUW98IZIxsTo=,663VAjn3+XtevtqiGwukkUr2XyE=
53,50,T6PsXVVL7Rvv7zRiUW98IZIxsTo=,fJlMvnd4Mnv+0uqnKpH8wARnaaA=
52,50,T6PsXVVL7Rvv7zRiUW98IZIxsTo=,fJlMvnd4Mnv+0uqnKpH8wARnaaA=
51,50,T6PsXVVL7Rvv7zRiUW98IZIxsTo=,fJlMvnd4Mnv+0uqnKpH8wARnaaA=
55,55,T6PsXVVL7Rvv7zRiUW98IZIxsTo=,fJlMvnd4Mnv+0uqnKpH8wARnaaA=
54,52,T6PsXVVL7Rvv7zRiUW98IZIxsTo=,fJlMvnd4Mnv+0uqnKpH8wARnaaA=
53,52,T6PsXVVL7Rvv7zRiUW98IZIxsTo=,fJlMvnd4Mnv+0uqnKpH8wARnaaA=
50,50,T6PsXVVL7Rvv7zRiUW98IZIxsTo=,fJlMvnd4Mnv+0uqnKpH8wARnaaA=
48,48,T6PsXVVL7Rvv7zRiUW98IZIxsTo=,fJlMvnd4Mnv+0uqnKpH8wARnaaA=
48,49,T6PsXVVL7Rvv7zRiUW98IZIxsTo=,fJlMvnd4Mnv+0uqnKpH8wARnaaA=
48,54,T6PsXVVL7Rvv7zRiUW98IZIxsTo=,fJlMvnd4Mnv+0uqnKpH8wARnaaA=
52,52,T6PsXVVL7Rvv7zRiUW98IZIxsTo=,fJlMvnd4Mnv+0uqnKpH8wARnaaA=
49,54,T6PsXVVL7Rvv7zRiUW98IZIxsTo=,fJlMvnd4Mnv+0uqnKpH8wARnaaA=
55,48,T6PsXVVL7Rvv7zRiUW98IZIxsTo=,fJlMvnd4Mnv+0uqnKpH8wARnaaA=
54,55,T6PsXVVL7Rvv7zRiUW98IZIxsTo=,fJlMvnd4Mnv+0uqnKpH8wARnaaA=
53,55,T6PsXVVL7Rvv7zRiUW98IZIxsTo=,fJlMvnd4Mnv+0uqnKpH8wARnaaA=
57,53,T6PsXVVL7Rvv7zRiUW98IZIxsTo=,663VAjn3+XtevtqiGwukkUr2XyE=
58,50,T6PsXVVL7Rvv7zRiUW98IZIxsTo=,663VAjn3+XtevtqiGwukkUr2XyE=
56,53,T6PsXVVL7Rvv7zRiUW98IZIxsTo=,663VAjn3+XtevtqiGwukkUr2XyE=
52,51,T6PsXVVL7Rvv7zRiUW98IZIxsTo=,fJlMvnd4Mnv+0uqnKpH8wARnaaA=
50,54,T6PsXVVL7Rvv7zRiUW98IZIxsTo=,fJlMvnd4Mnv+0uqnKpH8wARnaaA=
49,50,T6PsXVVL7Rvv7zRiUW98IZIxsTo=,fJlMvnd4Mnv+0uqnKpH8wARnaaA=
52,55,T6PsXVVL7Rvv7zRiUW98IZIxsTo=,fJlMvnd4Mnv+0uqnKpH8wARnaaA=
50,55,T6PsXVVL7Rvv7zRiUW98IZIxsTo=,fJlMvnd4Mnv+0uqnKpH8wARnaaA=
49,55,T6PsXVVL7Rvv7zRiUW98IZIxsTo=,fJlMvnd4Mnv+0uqnKpH8wARnaaA=
48,55,T6PsXVVL7Rvv7zRiUW98IZIxsTo=,fJlMvnd4Mnv+0uqnKpH8wARnaaA=
55,54,T6PsXVVL7Rvv7zRiUW98IZIxsTo=,fJlMvnd4Mnv+0uqnKpH8wARnaaA=
57,50,T6PsXVVL7Rvv7zRiUW98IZIxsTo=,663VAjn3+XtevtqiGwukkUr2XyE=
56,50,T6PsXVVL7Rvv7zRiUW98IZIxsTo=,663VAjn3+XtevtqiGwukkUr2XyE=
48,50,T6PsXVVL7Rvv7zRiUW98IZIxsTo=,fJlMvnd4Mnv+0uqnKpH8wARnaaA=
57,52,T6PsXVVL7Rvv7zRiUW98IZIxsTo=,663VAjn3+XtevtqiGwukkUr2XyE=
56,52,T6PsXVVL7Rvv7zRiUW98IZIxsTo=,663VAjn3+XtevtqiGwukkUr2XyE=
54,54,T6PsXVVL7Rvv7zRiUW98IZIxsTo=,fJlMvnd4Mnv+0uqnKpH8wARnaaA=
53,54,T6PsXVVL7Rvv7zRiUW98IZIxsTo=,fJlMvnd4Mnv+0uqnKpH8wARnaaA=
56,49,T6PsXVVL7Rvv7zRiUW98IZIxsTo=,663VAjn3+XtevtqiGwukkUr2XyE=
55,49,T6PsXVVL7Rvv7zRiUW98IZIxsTo=,fJlMvnd4Mnv+0uqnKpH8wARnaaA=
51,54,T6PsXVVL7Rvv7zRiUW98IZIxsTo=,fJlMvnd4Mnv+0uqnKpH8wARnaaA=
54,48,T6PsXVVL7Rvv7zRiUW98IZIxsTo=,fJlMvnd4Mnv+0uqnKpH8wARnaaA=
50,53,T6PsXVVL7Rvv7zRiUW98IZIxsTo=,fJlMvnd4Mnv+0uqnKpH8wARnaaA=
51,53,T6PsXVVL7Rvv7zRiUW98IZIxsTo=,fJlMvnd4Mnv+0uqnKpH8wARnaaA=
52,54,T6PsXVVL7Rvv7zRiUW98IZIxsTo=,fJlMvnd4Mnv+0uqnKpH8wARnaaA=
51,52,T6PsXVVL7Rvv7zRiUW98IZIxsTo=,fJlMvnd4Mnv+0uqnKpH8wARnaaA=
51,51,T6PsXVVL7Rvv7zRiUW98IZIxsTo=,fJlMvnd4Mnv+0uqnKpH8wARnaaA=
52,48,T6PsXVVL7Rvv7zRiUW98IZIxsTo=,fJlMvnd4Mnv+0uqnKpH8wARnaaA=
56,48,T6PsXVVL7Rvv7zRiUW98IZIxsTo=,663VAjn3+XtevtqiGwukkUr2XyE=
48,52,T6PsXVVL7Rvv7zRiUW98IZIxsTo=,fJlMvnd4Mnv+0uqnKpH8wARnaaA=
51,48,T6PsXVVL7Rvv7zRiUW98IZIxsTo=,fJlMvnd4Mnv+0uqnKpH8wARnaaA=
58,52,T6PsXVVL7Rvv7zRiUW98IZIxsTo=,663VAjn3+XtevtqiGwukkUr2XyE=
58,49,T6PsXVVL7Rvv7zRiUW98IZIxsTo=,663VAjn3+XtevtqiGwukkUr2XyE=
50,48,T6PsXVVL7Rvv7zRiUW98IZIxsTo=,fJlMvnd4Mnv+0uqnKpH8wARnaaA=
49,48,T6PsXVVL7Rvv7zRiUW98IZIxsTo=,fJlMvnd4Mnv+0uqnKpH8wARnaaA=
57,49,T6PsXVVL7Rvv7zRiUW98IZIxsTo=,663VAjn3+XtevtqiGwukkUr2XyE=
51,55,T6PsXVVL7Rvv7zRiUW98IZIxsTo=,fJlMvnd4Mnv+0uqnKpH8wARnaaA=
54,49,T6PsXVVL7Rvv7zRiUW98IZIxsTo=,fJlMvnd4Mnv+0uqnKpH8wARnaaA=
50,52,T6PsXVVL7Rvv7zRiUW98IZIxsTo=,fJlMvnd4Mnv+0uqnKpH8wARnaaA=
49,49,T6PsXVVL7Rvv7zRiUW98IZIxsTo=,fJlMvnd4Mnv+0uqnKpH8wARnaaA=
49,52,T6PsXVVL7Rvv7zRiUW98IZIxsTo=,fJlMvnd4Mnv+0uqnKpH8wARnaaA=
53,48,T6PsXVVL7Rvv7zRiUW98IZIxsTo=,fJlMvnd4Mnv+0uqnKpH8wARnaaA=
52,49,T6PsXVVL7Rvv7zRiUW98IZIxsTo=,fJlMvnd4Mnv+0uqnKpH8wARnaaA=
53,49,T6PsXVVL7Rvv7zRiUW98IZIxsTo=,fJlMvnd4Mnv+0uqnKpH8wARnaaA=
50,51,T6PsXVVL7Rvv7zRiUW98IZIxsTo=,fJlMvnd4Mnv+0uqnKpH8wARnaaA=
51,49,T6PsXVVL7Rvv7zRiUW98IZIxsTo=,fJlMvnd4Mnv+0uqnKpH8wARnaaA=
49,51,T6PsXVVL7Rvv7zRiUW98IZIxsTo=,fJlMvnd4Mnv+0uqnKpH8wARnaaA=
48,51,T6PsXVVL7Rvv7zRiUW98IZIxsTo=,fJlMvnd4Mnv+0uqnKpH8wARnaaA=
50,49,T6PsXVVL7Rvv7zRiUW98IZIxsTo=,fJlMvnd4Mnv+0uqnKpH8wARnaaA=
60,35,DpR9rbv/W8LVca9gePpx1y9s24w=,BTpBxfeBvqpoo8jE7xR/yehqXeY=
59,36,DpR9rbv/W8LVca9gePpx1y9s24w=,BTpBxfeBvqpoo8jE7xR/yehqXeY=
60,36,DpR9rbv/W8LVca9gePpx1y9s24w=,BTpBxfeBvqpoo8jE7xR/yehqXeY=
59,35,DpR9rbv/W8LVca9gePpx1y9s24w=,BTpBxfeBvqpoo8jE7xR/yehqXeY=
51,35,DpR9rbv/W8LVca9gePpx1y9s24w=,39fRUxy1Y0PDNLfQ3wCXLC9bsxk=
52,35,DpR9rbv/W8LVca9gePpx1y9s24w=,39fRUxy1Y0PDNLfQ3wCXLC9bsxk=
51,36,DpR9rbv/W8LVca9gePpx1y9s24w=,39fRUxy1Y0PDNLfQ3wCXLC9bsxk=
58,35,DpR9rbv/W8LVca9gePpx1y9s24w=,BTpBxfeBvqpoo8jE7xR/yehqXeY=
57,35,DpR9rbv/W8LVca9gePpx1y9s24w=,BTpBxfeBvqpoo8jE7xR/yehqXeY=
56,35,DpR9rbv/W8LVca9gePpx1y9s24w=,BTpBxfeBvqpoo8jE7xR/yehqXeY=
58,36,DpR9rbv/W8LVca9gePpx1y9s24w=,BTpBxfeBvqpoo8jE7xR/yehqXeY=
57,36,DpR9rbv/W8LVca9gePpx1y9s24w=,BTpBxfeBvqpoo8jE7xR/yehqXeY=
56,36,DpR9rbv/W8LVca9gePpx1y9s24w=,BTpBxfeBvqpoo8jE7xR/yehqXeY=
55,36,DpR9rbv/W8LVca9gePpx1y9s24w=,39fRUxy1Y0PDNLfQ3wCXLC9bsxk=
54,35,DpR9rbv/W8LVca9gePpx1y9s24w=,39fRUxy1Y0PDNLfQ3wCXLC9bsxk=
54,36,DpR9rbv/W8LVca9gePpx1y9s24w=,39fRUxy1Y0PDNLfQ3wCXLC9bsxk=
53,36,DpR9rbv/W8LVca9gePpx1y9s24w=,39fRUxy1Y0PDNLfQ3wCXLC9bsxk=
55,35,DpR9rbv/W8LVca9gePpx1y9s24w=,39fRUxy1Y0PDNLfQ3wCXLC9bsxk=
52,36,DpR9rbv/W8LVca9gePpx1y9s24w=,39fRUxy1Y0PDNLfQ3wCXLC9bsxk=
53,35,DpR9rbv/W8LVca9gePpx1y9s24w=,39fRUxy1Y0PDNLfQ3wCXLC9bsxk=
61,35,YvRWczaE3MHvlha0hEC2imBfMvQ=,BTpBxfeBvqpoo8jE7xR/yehqXeY=
62,35,YvRWczaE3MHvlha0hEC2imBfMvQ=,BTpBxfeBvqpoo8jE7xR/yehqXeY=
61,36,YvRWczaE3MHvlha0hEC2imBfMvQ=,BTpBxfeBvqpoo8jE7xR/yehqXeY=
62,36,YvRWczaE3MHvlha0hEC2imBfMvQ=,BTpBxfeBvqpoo8jE7xR/yehqXeY=
63,36,YvRWczaE3MHvlha0hEC2imBfMvQ=,BTpBxfeBvqpoo8jE7xR/yehqXeY=
63,35,YvRWczaE3MHvlha0hEC2imBfMvQ=,BTpBxfeBvqpoo8jE7xR/yehqXeY=
60,39,D9RzKR2M2COnM4/XYopHGOlVphM=,BTpBxfeBvqpoo8jE7xR/yehqXeY=
59,39,D9RzKR2M2COnM4/XYopHGOlVphM=,BTpBxfeBvqpoo8jE7xR/yehqXeY=
59,43,D9RzKR2M2COnM4/XYopHGOlVphM=,+SVJxmbhVMKq8tFS5VXoB+vrLxM=
59,37,D9RzKR2M2COnM4/XYopHGOlVphM=,BTpBxfeBvqpoo8jE7xR/yehqXeY=
61,42,D9RzKR2M2COnM4/XYopHGOlVphM=,+SVJxmbhVMKq8tFS5VXoB+vrLxM=
60,42,D9RzKR2M2COnM4/XYopHGOlVphM=,+SVJxmbhVMKq8tFS5VXoB+vrLxM=
59,42,D9RzKR2M2COnM4/XYopHGOlVphM=,+SVJxmbhVMKq8tFS5VXoB+vrLxM=
63,39,D9RzKR2M2COnM4/XYopHGOlVphM=,BTpBxfeBvqpoo8jE7xR/yehqXeY=
59,38,D9RzKR2M2COnM4/XYopHGOlVphM=,BTpBxfeBvqpoo8jE7xR/yehqXeY=
60,38,D9RzKR2M2COnM4/XYopHGOlVphM=,BTpBxfeBvqpoo8jE7xR/yehqXeY=
60,47,D9RzKR2M2COnM4/XYopHGOlVphM=,+SVJxmbhVMKq8tFS5VXoB+vrLxM=
59,47,D9RzKR2M2COnM4/XYopHGOlVphM=,+SVJxmbhVMKq8tFS5VXoB+vrLxM=
63,38,D9RzKR2M2COnM4/XYopHGOlVphM=,BTpBxfeBvqpoo8jE7xR/yehqXeY=
60,46,D9RzKR2M2COnM4/XYopHGOlVphM=,+SVJxmbhVMKq8tFS5VXoB+vrLxM=
59,46,D9RzKR2M2COnM4/XYopHGOlVphM=,+SVJxmbhVMKq8tFS5VXoB+vrLxM=
62,38,D9RzKR2M2COnM4/XYopHGOlVphM=,BTpBxfeBvqpoo8jE7xR/yehqXeY=
63,41,D9RzKR2M2COnM4/XYopHGOlVphM=,+SVJxmbhVMKq8tFS5VXoB+vrLxM=
61,38,D9RzKR2M2COnM4/XYopHGOlVphM=,BTpBxfeBvqpoo8jE7xR/yehqXeY=
62,41,D9RzKR2M2COnM4/XYopHGOlVphM=,+SVJxmbhVMKq8tFS5VXoB+vrLxM=
60,41,D9RzKR2M2COnM4/XYopHGOlVphM=,+SVJxmbhVMKq8tFS5VXoB+vrLxM=
60,45,D9RzKR2M2COnM4/XYopHGOlVphM=,+SVJxmbhVMKq8tFS5VXoB+vrLxM=
61,41,D9RzKR2M2COnM4/XYopHGOlVphM=,+SVJxmbhVMKq8tFS5VXoB+vrLxM=
63,44,D9RzKR2M2COnM4/XYopHGOlVphM=,+SVJxmbhVMKq8tFS5VXoB+vrLxM=
62,44,D9RzKR2M2COnM4/XYopHGOlVphM=,+SVJxmbhVMKq8tFS5VXoB+vrLxM=
60,37,D9RzKR2M2COnM4/XYopHGOlVphM=,BTpBxfeBvqpoo8jE7xR/yehqXeY=
61,44,D9RzKR2M2COnM4/XYopHGOlVphM=,+SVJxmbhVMKq8tFS5VXoB+vrLxM=
63,40,D9RzKR2M2COnM4/XYopHGOlVphM=,+SVJxmbhVMKq8tFS5VXoB+vrLxM=
59,41,D9RzKR2M2COnM4/XYopHGOlVphM=,+SVJxmbhVMKq8tFS5VXoB+vrLxM=
62,39,D9RzKR2M2COnM4/XYopHGOlVphM=,BTpBxfeBvqpoo8jE7xR/yehqXeY=
63,37,D9RzKR2M2COnM4/XYopHGOlVphM=,BTpBxfeBvqpoo8jE7xR/yehqXeY=
62,37,D9RzKR2M2COnM4/XYopHGOlVphM=,BTpBxfeBvqpoo8jE7xR/yehqXeY=
59,45,D9RzKR2M2COnM4/XYopHGOlVphM=,+SVJxmbhVMKq8tFS5VXoB+vrLxM=
61,37,D9RzKR2M2COnM4/XYopHGOlVphM=,BTpBxfeBvqpoo8jE7xR/yehqXeY=
63,43,D9RzKR2M2COnM4/XYopHGOlVphM=,+SVJxmbhVMKq8tFS5VXoB+vrLxM=
62,43,D9RzKR2M2COnM4/XYopHGOlVphM=,+SVJxmbhVMKq8tFS5VXoB+vrLxM=
63,42,D9RzKR2M2COnM4/XYopHGOlVphM=,+SVJxmbhVMKq8tFS5VXoB+vrLxM=
62,40,D9RzKR2M2COnM4/XYopHGOlVphM=,+SVJxmbhVMKq8tFS5VXoB+vrLxM=
60,40,D9RzKR2M2COnM4/XYopHGOlVphM=,+SVJxmbhVMKq8tFS5VXoB+vrLxM=
61,40,D9RzKR2M2COnM4/XYopHGOlVphM=,+SVJxmbhVMKq8tFS5VXoB+vrLxM=
59,40,D9RzKR2M2COnM4/XYopHGOlVphM=,+SVJxmbhVMKq8tFS5VXoB+vrLxM=
59,44,D9RzKR2M2COnM4/XYopHGOlVphM=,+SVJxmbhVMKq8tFS5VXoB+vrLxM=
61,39,D9RzKR2M2COnM4/XYopHGOlVphM=,BTpBxfeBvqpoo8jE7xR/yehqXeY=
62,42,D9RzKR2M2COnM4/XYopHGOlVphM=,+SVJxmbhVMKq8tFS5VXoB+vrLxM=
60,43,D9RzKR2M2COnM4/XYopHGOlVphM=,+SVJxmbhVMKq8tFS5VXoB+vrLxM=
61,43,D9RzKR2M2COnM4/XYopHGOlVphM=,+SVJxmbhVMKq8tFS5VXoB+vrLxM=
60,44,D9RzKR2M2COnM4/XYopHGOlVphM=,+SVJxmbhVMKq8tFS5VXoB+vrLxM=
54,44,D9RzKR2M2COnM4/XYopHGOlVphM=,wdBZTw4VRDncV9wwwrsSkDueUjM=
55,37,D9RzKR2M2COnM4/XYopHGOlVphM=,39fRUxy1Y0PDNLfQ3wCXLC9bsxk=
53,44,D9RzKR2M2COnM4/XYopHGOlVphM=,wdBZTw4VRDncV9wwwrsSkDueUjM=
54,40,D9RzKR2M2COnM4/XYopHGOlVphM=,wdBZTw4VRDncV9wwwrsSkDueUjM=
54,37,D9RzKR2M2COnM4/XYopHGOlVphM=,39fRUxy1Y0PDNLfQ3wCXLC9bsxk=
52,44,D9RzKR2M2COnM4/XYopHGOlVphM=,wdBZTw4VRDncV9wwwrsSkDueUjM=
58,39,D9RzKR2M2COnM4/XYopHGOlVphM=,BTpBxfeBvqpoo8jE7xR/yehqXeY=
53,40,D9RzKR2M2COnM4/XYopHGOlVphM=,wdBZTw4VRDncV9wwwrsSkDueUjM=
58,37,D9RzKR2M2COnM4/XYopHGOlVphM=,BTpBxfeBvqpoo8jE7xR/yehqXeY=
57,37,D9RzKR2M2COnM4/XYopHGOlVphM=,BTpBxfeBvqpoo8jE7xR/yehqXeY=
53,37,D9RzKR2M2COnM4/XYopHGOlVphM=,39fRUxy1Y0PDNLfQ3wCXLC9bsxk=
57,39,D9RzKR2M2COnM4/XYopHGOlVphM=,BTpBxfeBvqpoo8jE7xR/yehqXeY=
52,40,D9RzKR2M2COnM4/XYopHGOlVphM=,wdBZTw4VRDncV9wwwrsSkDueUjM=
55,40,D9RzKR2M2COnM4/XYopHGOlVphM=,wdBZTw4VRDncV9wwwrsSkDueUjM=
56,37,D9RzKR2M2COnM4/XYopHGOlVphM=,BTpBxfeBvqpoo8jE7xR/yehqXeY=
53,41,D9RzKR2M2COnM4/XYopHGOlVphM=,wdBZTw4VRDncV9wwwrsSkDueUjM=
58,42,D9RzKR2M2COnM4/XYopHGOlVphM=,+SVJxmbhVMKq8tFS5VXoB+vrLxM=
51,45,D9RzKR2M2COnM4/XYopHGOlVphM=,wdBZTw4VRDncV9wwwrsSkDueUjM=
56,39,D9RzKR2M2COnM4/XYopHGOlVphM=,BTpBxfeBvqpoo8jE7xR/yehqXeY=
52,41,D9RzKR2M2COnM4/XYopHGOlVphM=,wdBZTw4VRDncV9wwwrsSkDueUjM=
51,47,D9RzKR2M2COnM4/XYopHGOlVphM=,wdBZTw4VRDncV9wwwrsSkDueUjM=
55,43,D9RzKR2M2COnM4/XYopHGOlVphM=,wdBZTw4VRDncV9wwwrsSkDueUjM=
51,40,D9RzKR2M2COnM4/XYopHGOlVphM=,wdBZTw4VRDncV9wwwrsSkDueUjM=
54,43,jn2moe0yxLu1G2tyuYPhMppWnug=,wdBZTw4VRDncV9wwwrsSkDueUjM=
55,39,jn2moe0yxLu1G2tyuYPhMppWnug=,39fRUxy1Y0PDNLfQ3wCXLC9bsxk=
54,47,jn2moe0yxLu1G2tyuYPhMppWnug=,wdBZTw4VRDncV9wwwrsSkDueUjM=
51,44,jn2moe0yxLu1G2tyuYPhMppWnug=,wdBZTw4VRDncV9wwwrsSkDueUjM=
54,39,jn2moe0yxLu1G2tyuYPhMppWnug=,39fRUxy1Y0PDNLfQ3wCXLC9bsxk=
53,39,jn2moe0yxLu1G2tyuYPhMppWnug=,39fRUxy1Y0PDNLfQ3wCXLC9bsxk=
52,37,jn2moe0yxLu1G2tyuYPhMppWnug=,39fRUxy1Y0PDNLfQ3wCXLC9bsxk=
55,46,jn2moe0yxLu1G2tyuYPhMppWnug=,wdBZTw4VRDncV9wwwrsSkDueUjM=
57,42,jn2moe0yxLu1G2tyuYPhMppWnug=,+SVJxmbhVMKq8tFS5VXoB+vrLxM=
56,42,jn2moe0yxLu1G2tyuYPhMppWnug=,+SVJxmbhVMKq8tFS5VXoB+vrLxM=
52,39,jn2moe0yxLu1G2tyuYPhMppWnug=,39fRUxy1Y0PDNLfQ3wCXLC9bsxk=
53,43,jn2moe0yxLu1G2tyuYPhMppWnug=,wdBZTw4VRDncV9wwwrsSkDueUjM=
58,38,jn2moe0yxLu1G2tyuYPhMppWnug=,BTpBxfeBvqpoo8jE7xR/yehqXeY=
57,38,jn2moe0yxLu1G2tyuYPhMppWnug=,BTpBxfeBvqpoo8jE7xR/yehqXeY=
54,46,jn2moe0yxLu1G2tyuYPhMppWnug=,wdBZTw4VRDncV9wwwrsSkDueUjM=
53,46,jn2moe0yxLu1G2tyuYPhMppWnug=,wdBZTw4VRDncV9wwwrsSkDueUjM=
52,46,jn2moe0yxLu1G2tyuYPhMppWnug=,wdBZTw4VRDncV9wwwrsSkDueUjM=
55,42,jn2moe0yxLu1G2tyuYPhMppWnug=,wdBZTw4VRDncV9wwwrsSkDueUjM=
54,42,jn2moe0yxLu1G2tyuYPhMppWnug=,wdBZTw4VRDncV9wwwrsSkDueUjM=
55,47,jn2moe0yxLu1G2tyuYPhMppWnug=,wdBZTw4VRDncV9wwwrsSkDueUjM=
52,43,jn2moe0yxLu1G2tyuYPhMppWnug=,wdBZTw4VRDncV9wwwrsSkDueUjM=
58,47,jn2moe0yxLu1G2tyuYPhMppWnug=,+SVJxmbhVMKq8tFS5VXoB+vrLxM=
51,39,jn2moe0yxLu1G2tyuYPhMppWnug=,39fRUxy1Y0PDNLfQ3wCXLC9bsxk=
51,46,jn2moe0yxLu1G2tyuYPhMppWnug=,wdBZTw4VRDncV9wwwrsSkDueUjM=
55,38,jn2moe0yxLu1G2tyuYPhMppWnug=,39fRUxy1Y0PDNLfQ3wCXLC9bsxk=
51,43,jn2moe0yxLu1G2tyuYPhMppWnug=,wdBZTw4VRDncV9wwwrsSkDueUjM=
51,37,jn2moe0yxLu1G2tyuYPhMppWnug=,39fRUxy1Y0PDNLfQ3wCXLC9bsxk=
51,41,jn2moe0yxLu1G2tyuYPhMppWnug=,wdBZTw4VRDncV9wwwrsSkDueUjM=
53,42,jn2moe0yxLu1G2tyuYPhMppWnug=,wdBZTw4VRDncV9wwwrsSkDueUjM=
58,46,jn2moe0yxLu1G2tyuYPhMppWnug=,+SVJxmbhVMKq8tFS5VXoB+vrLxM=
56,38,jn2moe0yxLu1G2tyuYPhMppWnug=,BTpBxfeBvqpoo8jE7xR/yehqXeY=
55,45,jn2moe0yxLu1G2tyuYPhMppWnug=,wdBZTw4VRDncV9wwwrsSkDueUjM=
53,47,jn2moe0yxLu1G2tyuYPhMppWnug=,wdBZTw4VRDncV9wwwrsSkDueUjM=
58,43,jn2moe0yxLu1G2tyuYPhMppWnug=,+SVJxmbhVMKq8tFS5VXoB+vrLxM=
52,47,jn2moe0yxLu1G2tyuYPhMppWnug=,wdBZTw4VRDncV9wwwrsSkDueUjM=
52,45,jn2moe0yxLu1G2tyuYPhMppWnug=,wdBZTw4VRDncV9wwwrsSkDueUjM=
57,47,jn2moe0yxLu1G2tyuYPhMppWnug=,+SVJxmbhVMKq8tFS5VXoB+vrLxM=
57,43,jn2moe0yxLu1G2tyuYPhMppWnug=,+SVJxmbhVMKq8tFS5VXoB+vrLxM=
54,38,jn2moe0yxLu1G2tyuYPhMppWnug=,39fRUxy1Y0PDNLfQ3wCXLC9bsxk=
53,45,jn2moe0yxLu1G2tyuYPhMppWnug=,wdBZTw4VRDncV9wwwrsSkDueUjM=
53,38,jn2moe0yxLu1G2tyuYPhMppWnug=,39fRUxy1Y0PDNLfQ3wCXLC9bsxk=
52,38,jn2moe0yxLu1G2tyuYPhMppWnug=,39fRUxy1Y0PDNLfQ3wCXLC9bsxk=
51,38,jn2moe0yxLu1G2tyuYPhMppWnug=,39fRUxy1Y0PDNLfQ3wCXLC9bsxk=
58,41,jn2moe0yxLu1G2tyuYPhMppWnug=,+SVJxmbhVMKq8tFS5VXoB+vrLxM=
57,41,jn2moe0yxLu1G2tyuYPhMppWnug=,+SVJxmbhVMKq8tFS5VXoB+vrLxM=
52,42,jn2moe0yxLu1G2tyuYPhMppWnug=,wdBZTw4VRDncV9wwwrsSkDueUjM=
56,47,jn2moe0yxLu1G2tyuYPhMppWnug=,+SVJxmbhVMKq8tFS5VXoB+vrLxM=
57,46,jn2moe0yxLu1G2tyuYPhMppWnug=,+SVJxmbhVMKq8tFS5VXoB+vrLxM=
57,40,jn2moe0yxLu1G2tyuYPhMppWnug=,+SVJxmbhVMKq8tFS5VXoB+vrLxM=
56,41,jn2moe0yxLu1G2tyuYPhMppWnug=,+SVJxmbhVMKq8tFS5VXoB+vrLxM=
54,41,jn2moe0yxLu1G2tyuYPhMppWnug=,wdBZTw4VRDncV9wwwrsSkDueUjM=
51,42,jn2moe0yxLu1G2tyuYPhMppWnug=,wdBZTw4VRDncV9wwwrsSkDueUjM=
58,40,jn2moe0yxLu1G2tyuYPhMppWnug=,+SVJxmbhVMKq8tFS5VXoB+vrLxM=
56,46,jn2moe0yxLu1G2tyuYPhMppWnug=,+SVJxmbhVMKq8tFS5VXoB+vrLxM=
54,45,jn2moe0yxLu1G2tyuYPhMppWnug=,wdBZTw4VRDncV9wwwrsSkDueUjM=
55,41,jn2moe0yxLu1G2tyuYPhMppWnug=,wdBZTw4VRDncV9wwwrsSkDueUjM=
58,45,jn2moe0yxLu1G2tyuYPhMppWnug=,+SVJxmbhVMKq8tFS5VXoB+vrLxM=
56,43,jn2moe0yxLu1G2tyuYPhMppWnug=,+SVJxmbhVMKq8tFS5VXoB+vrLxM=
55,44,jn2moe0yxLu1G2tyuYPhMppWnug=,wdBZTw4VRDncV9wwwrsSkDueUjM=
56,45,jn2moe0yxLu1G2tyuYPhMppWnug=,+SVJxmbhVMKq8tFS5VXoB+vrLxM=
58,44,jn2moe0yxLu1G2tyuYPhMppWnug=,+SVJxmbhVMKq8tFS5VXoB+vrLxM=
56,40,jn2moe0yxLu1G2tyuYPhMppWnug=,+SVJxmbhVMKq8tFS5VXoB+vrLxM=
57,44,jn2moe0yxLu1G2tyuYPhMppWnug=,+SVJxmbhVMKq8tFS5VXoB+vrLxM=
56,44,jn2moe0yxLu1G2tyuYPhMppWnug=,+SVJxmbhVMKq8tFS5VXoB+vrLxM=
57,45,jn2moe0yxLu1G2tyuYPhMppWnug=,+SVJxmbhVMKq8tFS5VXoB+vrLxM=
50,44,jn2moe0yxLu1G2tyuYPhMppWnug=,wdBZTw4VRDncV9wwwrsSkDueUjM=
49,44,jn2moe0yxLu1G2tyuYPhMppWnug=,wdBZTw4VRDncV9wwwrsSkDueUjM=
48,43,jn2moe0yxLu1G2tyuYPhMppWnug=,wdBZTw4VRDncV9wwwrsSkDueUjM=
50,43,jn2moe0yxLu1G2tyuYPhMppWnug=,wdBZTw4VRDncV9wwwrsSkDueUjM=
48,44,jn2moe0yxLu1G2tyuYPhMppWnug=,wdBZTw4VRDncV9wwwrsSkDueUjM=
49,43,jn2moe0yxLu1G2tyuYPhMppWnug=,wdBZTw4VRDncV9wwwrsSkDueUjM=
51,34,jn2moe0yxLu1G2tyuYPhMppWnug=,39fRUxy1Y0PDNLfQ3wCXLC9bsxk=
52,34,jn2moe0yxLu1G2tyuYPhMppWnug=,39fRUxy1Y0PDNLfQ3wCXLC9bsxk=
51,33,jn2moe0yxLu1G2tyuYPhMppWnug=,39fRUxy1Y0PDNLfQ3wCXLC9bsxk=
52,33,jn2moe0yxLu1G2tyuYPhMppWnug=,39fRUxy1Y0PDNLfQ3wCXLC9bsxk=
51,32,jn2moe0yxLu1G2tyuYPhMppWnug=,39fRUxy1Y0PDNLfQ3wCXLC9bsxk=
52,32,jn2moe0yxLu1G2tyuYPhMppWnug=,39fRUxy1Y0PDNLfQ3wCXLC9bsxk=
60,34,jn2moe0yxLu1G2tyuYPhMppWnug=,BTpBxfeBvqpoo8jE7xR/yehqXeY=
59,34,jn2moe0yxLu1G2tyuYPhMppWnug=,BTpBxfeBvqpoo8jE7xR/yehqXeY=
55,32,jn2moe0yxLu1G2tyuYPhMppWnug=,39fRUxy1Y0PDNLfQ3wCXLC9bsxk=
54,32,jn2moe0yxLu1G2tyuYPhMppWnug=,39fRUxy1Y0PDNLfQ3wCXLC9bsxk=
58,34,jn2moe0yxLu1G2tyuYPhMppWnug=,BTpBxfeBvqpoo8jE7xR/yehqXeY=
57,34,jn2moe0yxLu1G2tyuYPhMppWnug=,BTpBxfeBvqpoo8jE7xR/yehqXeY=
55,33,jn2moe0yxLu1G2tyuYPhMppWnug=,39fRUxy1Y0PDNLfQ3wCXLC9bsxk=
60,33,jn2moe0yxLu1G2tyuYPhMppWnug=,BTpBxfeBvqpoo8jE7xR/yehqXeY=
59,33,jn2moe0yxLu1G2tyuYPhMppWnug=,BTpBxfeBvqpoo8jE7xR/yehqXeY=
56,34,jn2moe0yxLu1G2tyuYPhMppWnug=,BTpBxfeBvqpoo8jE7xR/yehqXeY=
54,33,jn2moe0yxLu1G2tyuYPhMppWnug=,39fRUxy1Y0PDNLfQ3wCXLC9bsxk=
53,34,jn2moe0yxLu1G2tyuYPhMppWnug=,39fRUxy1Y0PDNLfQ3wCXLC9bsxk=
54,34,jn2moe0yxLu1G2tyuYPhMppWnug=,39fRUxy1Y0PDNLfQ3wCXLC9bsxk=
56,32,jn2moe0yxLu1G2tyuYPhMppWnug=,BTpBxfeBvqpoo8jE7xR/yehqXeY=
57,32,jn2moe0yxLu1G2tyuYPhMppWnug=,BTpBxfeBvqpoo8jE7xR/yehqXeY=
58,32,jn2moe0yxLu1G2tyuYPhMppWnug=,BTpBxfeBvqpoo8jE7xR/yehqXeY=
53,33,jn2moe0yxLu1G2tyuYPhMppWnug=,39fRUxy1Y0PDNLfQ3wCXLC9bsxk=
59,32,jn2moe0yxLu1G2tyuYPhMppWnug=,BTpBxfeBvqpoo8jE7xR/yehqXeY=
60,32,jn2moe0yxLu1G2tyuYPhMppWnug=,BTpBxfeBvqpoo8jE7xR/yehqXeY=
53,32,jn2moe0yxLu1G2tyuYPhMppWnug=,39fRUxy1Y0PDNLfQ3wCXLC9bsxk=
55,34,jn2moe0yxLu1G2tyuYPhMppWnug=,39fRUxy1Y0PDNLfQ3wCXLC9bsxk=
56,33,jn2moe0yxLu1G2tyuYPhMppWnug=,BTpBxfeBvqpoo8jE7xR/yehqXeY=
58,33,jn2moe0yxLu1G2tyuYPhMppWnug=,BTpBxfeBvqpoo8jE7xR/yehqXeY=
57,33,jn2moe0yxLu1G2tyuYPhMppWnug=,BTpBxfeBvqpoo8jE7xR/yehqXeY=
61,32,jn2moe0yxLu1G2tyuYPhMppWnug=,BTpBxfeBvqpoo8jE7xR/yehqXeY=
62,32,jn2moe0yxLu1G2tyuYPhMppWnug=,BTpBxfeBvqpoo8jE7xR/yehqXeY=
63,32,jn2moe0yxLu1G2tyuYPhMppWnug=,BTpBxfeBvqpoo8jE7xR/yehqXeY=
61,33,jn2moe0yxLu1G2tyuYPhMppWnug=,BTpBxfeBvqpoo8jE7xR/yehqXeY=
62,33,jn2moe0yxLu1G2tyuYPhMppWnug=,BTpBxfeBvqpoo8jE7xR/yehqXeY=
63,33,jn2moe0yxLu1G2tyuYPhMppWnug=,BTpBxfeBvqpoo8jE7xR/yehqXeY=
61,34,jn2moe0yxLu1G2tyuYPhMppWnug=,BTpBxfeBvqpoo8jE7xR/yehqXeY=
62,34,jn2moe0yxLu1G2tyuYPhMppWnug=,BTpBxfeBvqpoo8jE7xR/yehqXeY=
63,34,jn2moe0yxLu1G2tyuYPhMppWnug=,BTpBxfeBvqpoo8jE7xR/yehqXeY=
49,34,jn2moe0yxLu1G2tyuYPhMppWnug=,39fRUxy1Y0PDNLfQ3wCXLC9bsxk=
48,33,jn2moe0yxLu1G2tyuYPhMppWnug=,39fRUxy1Y0PDNLfQ3wCXLC9bsxk=
50,34,jn2moe0yxLu1G2tyuYPhMppWnug=,39fRUxy1Y0PDNLfQ3wCXLC9bsxk=
48,34,jn2moe0yxLu1G2tyuYPhMppWnug=,39fRUxy1Y0PDNLfQ3wCXLC9bsxk=
50,35,jn2moe0yxLu1G2tyuYPhMppWnug=,39fRUxy1Y0PDNLfQ3wCXLC9bsxk=
50,36,jn2moe0yxLu1G2tyuYPhMppWnug=,39fRUxy1Y0PDNLfQ3wCXLC9bsxk=
49,40,jn2moe0yxLu1G2tyuYPhMppWnug=,wdBZTw4VRDncV9wwwrsSkDueUjM=
49,35,jn2moe0yxLu1G2tyuYPhMppWnug=,39fRUxy1Y0PDNLfQ3wCXLC9bsxk=
48,40,jn2moe0yxLu1G2tyuYPhMppWnug=,wdBZTw4VRDncV9wwwrsSkDueUjM=
50,39,jn2moe0yxLu1G2tyuYPhMppWnug=,39fRUxy1Y0PDNLfQ3wCXLC9bsxk=
48,38,jn2moe0yxLu1G2tyuYPhMppWnug=,39fRUxy1Y0PDNLfQ3wCXLC9bsxk=
49,33,jn2moe0yxLu1G2tyuYPhMppWnug=,39fRUxy1Y0PDNLfQ3wCXLC9bsxk=
50,32,jn2moe0yxLu1G2tyuYPhMppWnug=,39fRUxy1Y0PDNLfQ3wCXLC9bsxk=
49,37,jn2moe0yxLu1G2tyuYPhMppWnug=,39fRUxy1Y0PDNLfQ3wCXLC9bsxk=
48,32,jn2moe0yxLu1G2tyuYPhMppWnug=,39fRUxy1Y0PDNLfQ3wCXLC9bsxk=
49,32,jn2moe0yxLu1G2tyuYPhMppWnug=,39fRUxy1Y0PDNLfQ3wCXLC9bsxk=
49,39,jn2moe0yxLu1G2tyuYPhMppWnug=,39fRUxy1Y0PDNLfQ3wCXLC9bsxk=
48,35,jn2moe0yxLu1G2tyuYPhMppWnug=,39fRUxy1Y0PDNLfQ3wCXLC9bsxk=
48,39,jn2moe0yxLu1G2tyuYPhMppWnug=,39fRUxy1Y0PDNLfQ3wCXLC9bsxk=
49,36,jn2moe0yxLu1G2tyuYPhMppWnug=,39fRUxy1Y0PDNLfQ3wCXLC9bsxk=
50,33,jn2moe0yxLu1G2tyuYPhMppWnug=,39fRUxy1Y0PDNLfQ3wCXLC9bsxk=
48,36,jn2moe0yxLu1G2tyuYPhMppWnug=,39fRUxy1Y0PDNLfQ3wCXLC9bsxk=
63,47,jn2moe0yxLu1G2tyuYPhMppWnug=,+SVJxmbhVMKq8tFS5VXoB+vrLxM=
62,47,jn2moe0yxLu1G2tyuYPhMppWnug=,+SVJxmbhVMKq8tFS5VXoB+vrLxM=
61,45,jn2moe0yxLu1G2tyuYPhMppWnug=,+SVJxmbhVMKq8tFS5VXoB+vrLxM=
61,47,jn2moe0yxLu1G2tyuYPhMppWnug=,+SVJxmbhVMKq8tFS5VXoB+vrLxM=
62,45,jn2moe0yxLu1G2tyuYPhMppWnug=,+SVJxmbhVMKq8tFS5VXoB+vrLxM=
63,46,jn2moe0yxLu1G2tyuYPhMppWnug=,+SVJxmbhVMKq8tFS5VXoB+vrLxM=
62,46,jn2moe0yxLu1G2tyuYPhMppWnug=,+SVJxmbhVMKq8tFS5VXoB+vrLxM=
50,37,jn2moe0yxLu1G2tyuYPhMppWnug=,39fRUxy1Y0PDNLfQ3wCXLC9bsxk=
61,46,jn2moe0yxLu1G2tyuYPhMppWnug=,+SVJxmbhVMKq8tFS5VXoB+vrLxM=
63,45,jn2moe0yxLu1G2tyuYPhMppWnug=,+SVJxmbhVMKq8tFS5VXoB+vrLxM=
50,40,jn2moe0yxLu1G2tyuYPhMppWnug=,wdBZTw4VRDncV9wwwrsSkDueUjM=
49,42,jn2moe0yxLu1G2tyuYPhMppWnug=,wdBZTw4VRDncV9wwwrsSkDueUjM=
48,42,jn2moe0yxLu1G2tyuYPhMppWnug=,wdBZTw4VRDncV9wwwrsSkDueUjM=
48,41,jn2moe0yxLu1G2tyuYPhMppWnug=,wdBZTw4VRDncV9wwwrsSkDueUjM=
50,42,jn2moe0yxLu1G2tyuYPhMppWnug=,wdBZTw4VRDncV9wwwrsSkDueUjM=
49,41,jn2moe0yxLu1G2tyuYPhMppWnug=,wdBZTw4VRDncV9wwwrsSkDueUjM=
49,38,jn2moe0yxLu1G2tyuYPhMppWnug=,39fRUxy1Y0PDNLfQ3wCXLC9bsxk=
50,38,jn2moe0yxLu1G2tyuYPhMppWnug=,39fRUxy1Y0PDNLfQ3wCXLC9bsxk=
48,37,jn2moe0yxLu1G2tyuYPhMppWnug=,39fRUxy1Y0PDNLfQ3wCXLC9bsxk=
50,47,jn2moe0yxLu1G2tyuYPhMppWnug=,wdBZTw4VRDncV9wwwrsSkDueUjM=
50,41,jn2moe0yxLu1G2tyuYPhMppWnug=,wdBZTw4VRDncV9wwwrsSkDueUjM=
49,47,jn2moe0yxLu1G2tyuYPhMppWnug=,wdBZTw4VRDncV9wwwrsSkDueUjM=
48,45,jn2moe0yxLu1G2tyuYPhMppWnug=,wdBZTw4VRDncV9wwwrsSkDueUjM=
48,46,jn2moe0yxLu1G2tyuYPhMppWnug=,wdBZTw4VRDncV9wwwrsSkDueUjM=
48,47,jn2moe0yxLu1G2tyuYPhMppWnug=,wdBZTw4VRDncV9wwwrsSkDueUjM=
50,46,jn2moe0yxLu1G2tyuYPhMppWnug=,wdBZTw4VRDncV9wwwrsSkDueUjM=
49,46,jn2moe0yxLu1G2tyuYPhMppWnug=,wdBZTw4VRDncV9wwwrsSkDueUjM=
49,45,jn2moe0yxLu1G2tyuYPhMppWnug=,wdBZTw4VRDncV9wwwrsSkDueUjM=
50,45,jn2moe0yxLu1G2tyuYPhMppWnug=,wdBZTw4VRDncV9wwwrsSkDueUjM=
